$MeshFormat
4.1 0 8
$EndMeshFormat
$PhysicalNames
14
2 53 "plasma"
2 56 "wafer"
2 57 "cover"
2 58 "focus_ring"
2 60 "coil1"
2 61 "coil2"
2 62 "coil3"
2 73 "electrode"
2 87 "top"
2 90 "vacuum"
2 91 "metal"
2 92 "right"
2 93 "bottom"
2 94 "port"
$EndPhysicalNames
$Entities
39 53 14 0
1 0 0 0 0 
2 0.2565 0 0 0 
3 0 0.018 0 0 
4 0.1395 0.018 0 0 
5 0.14175 0.018 0 0 
6 0.144 0.018 0 0 
7 0.243 0.018 0 0 
9 0 0.09000000000000001 0 0 
10 0.135 0.09000000000000001 0 0 
11 0 0.099 0 0 
12 0.135 0.099 0 0 
13 0.1395 0.099 0 0 
14 0.14175 0.099 0 0 
15 0.144 0.099 0 0 
16 0.234 0.279 0 0 
17 0.243 0.279 0 0 
18 0 0.3195 0 0 
19 0.234 0.3195 0 0 
20 0.243 0.3195 0 0 
21 0 0.342 0 0 
22 0.0495 0.342 0 0 
23 0.0585 0.342 0 0 
24 0.1125 0.342 0 0 
25 0.1215 0.342 0 0 
26 0.171 0.342 0 0 
27 0.18 0.342 0 0 
28 0.243 0.342 0 0 
29 0.0495 0.36 0 0 
30 0.0585 0.36 0 0 
31 0.1125 0.36 0 0 
32 0.1215 0.36 0 0 
33 0.171 0.36 0 0 
34 0.18 0.36 0 0 
39 0 0.432 0 0 
40 0.243 0.432 0 0 
41 0 0.45 0 0 
42 0.2565 0.45 0 0 
43 0.2565 0.3195 0 0 
44 0.2565 0.018 0 0 
1 0 0 0 0.2565 0 0 0 2 1 -2 
2 0 0 0 0 0.018 0 0 2 1 -3 
3 0 0.018 0 0.1395 0.018 0 0 2 3 -4 
4 0.1395 0.018 0 0.14175 0.018 0 0 2 4 -5 
6 0.144 0.018 0 0.243 0.018 0 0 2 6 -7 
7 0 0.09000000000000001 0 0 0.09000000000000001 0 0 2 9 -9 
8 0 0.018 0 0 0.09000000000000001 0 0 2 3 -9 
9 0 0.09000000000000001 0 0.135 0.09000000000000001 0 0 2 9 -10 
10 0.135 0.09000000000000001 0 0.135 0.099 0 0 2 10 -12 
11 0.135 0.099 0 0.1395 0.099 0 0 2 12 -13 
12 0.1395 0.018 0 0.1395 0.099 0 0 2 13 -4 
13 0.1395 0.099 0 0.14175 0.099 0 0 2 13 -14 
14 0.14175 0.018 0 0.14175 0.099 0 0 2 14 -5 
15 0.14175 0.099 0 0.144 0.099 0 0 2 14 -15 
16 0.144 0.018 0 0.144 0.099 0 0 2 15 -6 
17 0 0.099 0 0.135 0.099 0 0 2 11 -12 
18 0 0.09000000000000001 0 0 0.099 0 0 2 9 -11 
19 0.243 0.01800000000000002 0 0.243 0.279 0 0 2 7 -17 
20 0.234 0.279 0 0.243 0.279 0 0 2 17 -16 
21 0.234 0.279 0 0.234 0.3195 0 0 2 16 -19 
22 0.234 0.3195 0 0.243 0.3195 0 0 2 19 -20 
23 0 0.099 0 0 0.3195 0 0 2 18 -11 
24 0 0.3195 0 0.234 0.3195 0 0 2 18 -19 
25 0 0.3195 0 0 0.342 0 0 2 18 -21 
26 0 0.342 0 0.0495 0.342 0 0 2 21 -22 
27 0.0495 0.342 0 0.0585 0.342 0 0 2 22 -23 
28 0.0585 0.342 0 0.1125 0.342 0 0 2 23 -24 
29 0.1125 0.342 0 0.1215 0.342 0 0 2 24 -25 
30 0.1215 0.342 0 0.171 0.342 0 0 2 25 -26 
31 0.171 0.342 0 0.18 0.342 0 0 2 26 -27 
32 0.18 0.342 0 0.243 0.342 0 0 2 27 -28 
33 0.243 0.3195 0 0.243 0.342 0 0 2 28 -20 
34 0.0495 0.342 0 0.0495 0.36 0 0 2 22 -29 
35 0.0495 0.36 0 0.0585 0.36 0 0 2 29 -30 
36 0.0585 0.342 0 0.0585 0.36 0 0 2 30 -23 
37 0.1125 0.342 0 0.1125 0.36 0 0 2 24 -31 
38 0.1125 0.36 0 0.1215 0.36 0 0 2 31 -32 
39 0.1215 0.342 0 0.1215 0.36 0 0 2 32 -25 
40 0.171 0.342 0 0.171 0.36 0 0 2 26 -33 
41 0.171 0.36 0 0.18 0.36 0 0 2 33 -34 
42 0.18 0.342 0 0.18 0.36 0 0 2 34 -27 
47 0 0.342 0 0 0.432 0 0 2 21 -39 
48 0 0.432 0 0.243 0.432 0 0 2 39 -40 
49 0.243 0.342 0 0.243 0.432 0 0 2 40 -28 
50 0 0.432 0 0 0.45 0 0 2 39 -41 
51 0 0.45 0 0.2565 0.45 0 0 2 41 -42 
52 0.2565 0.3195 0 0.2565 0.45 0 0 2 42 -43 
53 0.2565 0.01800000000000002 0 0.2565 0.3195 0 0 2 43 -44 
54 0.243 0.3195 0 0.2565 0.3195 0 0 2 43 -20 
55 0.2565 0 0 0.2565 0.018 0 0 2 44 -2 
56 0.243 0.018 0 0.2565 0.018 0 0 2 44 -7 
57 0.14175 0.018 0 0.144 0.018 0 0 2 6 -5 
58 0.234 0.279 0 0.243 0.3195 0 0 2 16 -20 
1 0 0.3195 0 0.2565 0.45 0 1 87 7 50 51 52 54 -33 -49 -48 
2 0 0.01800000000000002 0 0.243 0.3195 0 1 53 11 19 20 21 -24 23 17 11 13 15 16 6 
3 0 0.09000000000000001 0 0.135 0.099 0 1 56 4 9 10 -17 -18 
4 0 0.018 0 0.1395 0.099 0 1 73 6 11 12 -3 8 9 10 
5 0.1395 0.018 0 0.14175 0.099 0 1 58 4 12 4 -14 -13 
8 0.171 0.342 0 0.18 0.36 0 1 62 4 41 42 -31 40 
9 0.1125 0.342 0 0.1215 0.36 0 1 61 4 38 39 -29 37 
10 0.0495 0.342 0 0.0585 0.36 0 1 60 4 35 36 -27 34 
11 0 0.3195 0 0.243 0.342 0 1 57 11 28 29 30 31 32 33 -22 -24 25 26 27 
16 0 0.342 0 0.243 0.432 0 1 90 16 47 48 49 -32 -42 -41 -40 -30 -39 -38 -37 -28 -36 -35 -34 -26 
17 0.14175 0.018 0 0.144 0.099 0 1 91 4 15 16 57 -14 
18 0.234 0.01800000000000002 0 0.2565 0.3195 0 1 92 6 58 -54 53 56 19 20 
19 0 0 0 0.2565 0.018 0 1 93 8 3 4 -57 6 -56 55 -1 2 
20 0.234 0.279 0 0.243 0.3195 0 1 94 3 21 22 -58 
$EndEntities
$Nodes
93 2050 1 2050
0 1 0 1
1
0 0 0
0 2 0 1
2
0.2565 0 0
0 3 0 1
3
0 0.018 0
0 4 0 1
4
0.1395 0.018 0
0 5 0 1
5
0.14175 0.018 0
0 6 0 1
6
0.144 0.018 0
0 7 0 1
7
0.243 0.018 0
0 9 0 1
8
0 0.09000000000000001 0
0 10 0 1
9
0.135 0.09000000000000001 0
0 11 0 1
10
0 0.099 0
0 12 0 1
11
0.135 0.099 0
0 13 0 1
12
0.1395 0.099 0
0 14 0 1
13
0.14175 0.099 0
0 15 0 1
14
0.144 0.099 0
0 16 0 1
15
0.234 0.279 0
0 17 0 1
16
0.243 0.279 0
0 18 0 1
17
0 0.3195 0
0 19 0 1
18
0.234 0.3195 0
0 20 0 1
19
0.243 0.3195 0
0 21 0 1
20
0 0.342 0
0 22 0 1
21
0.0495 0.342 0
0 23 0 1
22
0.0585 0.342 0
0 24 0 1
23
0.1125 0.342 0
0 25 0 1
24
0.1215 0.342 0
0 26 0 1
25
0.171 0.342 0
0 27 0 1
26
0.18 0.342 0
0 28 0 1
27
0.243 0.342 0
0 29 0 1
28
0.0495 0.36 0
0 30 0 1
29
0.0585 0.36 0
0 31 0 1
30
0.1125 0.36 0
0 32 0 1
31
0.1215 0.36 0
0 33 0 1
32
0.171 0.36 0
0 34 0 1
33
0.18 0.36 0
0 39 0 1
34
0 0.432 0
0 40 0 1
35
0.243 0.432 0
0 41 0 1
36
0 0.45 0
0 42 0 1
37
0.2565 0.45 0
0 43 0 1
38
0.2565 0.3195 0
0 44 0 1
39
0.2565 0.018 0
1 1 0 25
40
41
42
43
44
45
46
47
48
49
50
51
52
53
54
55
56
57
58
59
60
61
62
63
64
0.009865384615366872 0 0
0.01973076923073383 0 0
0.0295961538461066 0 0
0.03946153846146665 0 0
0.04932692307682421 0 0
0.0591923076921801 0 0
0.06905769230754091 0 0
0.07892307692289628 0 0
0.08878846153825162 0 0
0.09865384615360695 0 0
0.1085192307689623 0 0
0.1183846153843176 0 0
0.1282499999996811 0 0
0.1381153846150953 0 0
0.1479807692304994 0 0
0.1578461538459074 0 0
0.1677115384613269 0 0
0.1775769230767323 0 0
0.187442307692139 0 0
0.1973076923075585 0 0
0.2071730769229652 0 0
0.2170384615383706 0 0
0.2269038461537901 0 0
0.236769230769198 0 0
0.2466346153846022 0 0
1 2 0 1
65
0 0.008999999999977432 0
1 3 0 13
66
67
68
69
70
71
72
73
74
75
76
77
78
0.009964285714266139 0.018 0
0.01992857142853605 0.018 0
0.02989285714279304 0.018 0
0.03985714285705062 0.018 0
0.04982142857130652 0.018 0
0.05978571428556517 0.018 0
0.0697499999998238 0.018 0
0.0797142857141374 0.018 0
0.08967857142844557 0.018 0
0.09964285714275374 0.018 0
0.1096071428570782 0.018 0
0.1195714285713864 0.018 0
0.1295357142856919 0.018 0
1 6 0 9
79
80
81
82
83
84
85
86
87
0.1538999999999968 0.018 0
0.1637999999999447 0.018 0
0.1736999999999263 0.018 0
0.1835999999999154 0.018 0
0.1934999999998754 0.018 0
0.203399999999884 0.018 0
0.2132999999999177 0.018 0
0.223199999999947 0.018 0
0.2330999999999751 0.018 0
1 8 0 7
88
89
90
91
92
93
94
0 0.02699999999998135 0
0 0.03599999999995862 0
0 0.04499999999993254 0
0 0.0539999999999078 0
0 0.06299999999992914 0
0 0.07199999999995457 0
0 0.0809999999999773 0
1 9 0 13
95
96
97
98
99
100
101
102
103
104
105
106
107
0.009642857142840109 0.09000000000000001 0
0.01928571428568328 0.09000000000000001 0
0.02892857142851319 0.09000000000000001 0
0.03857142857134271 0.09000000000000001 0
0.04821428571417281 0.09000000000000001 0
0.05785714285700348 0.09000000000000001 0
0.0674999999998328 0.09000000000000001 0
0.07714285714270994 0.09000000000000001 0
0.08678571428558787 0.09000000000000001 0
0.09642857142846929 0.09000000000000001 0
0.1060714285713526 0.09000000000000001 0
0.115714285714234 0.09000000000000001 0
0.1253571428571166 0.09000000000000001 0
1 10 0 1
108
0.135 0.09490019872993022 0
1 12 0 9
109
110
111
112
113
114
115
116
117
0.1395 0.09213718031186315 0
0.1395 0.08502516449969992 0
0.1395 0.07765490271190728 0
0.1395 0.07001701796162262 0
0.1395 0.06210179247609719 0
0.1395 0.05389915469501499 0
0.1395 0.04539866753617974 0
0.1395 0.03658952271958073 0
0.1395 0.02746050138646804 0
1 14 0 9
118
119
120
121
122
123
124
125
126
0.14175 0.09213718031186315 0
0.14175 0.08502516449969992 0
0.14175 0.07765490271190728 0
0.14175 0.07001701796162262 0
0.14175 0.06210179247609719 0
0.14175 0.05389915469501499 0
0.14175 0.04539866753617974 0
0.14175 0.03658952271958073 0
0.14175 0.02746050138646804 0
1 16 0 9
127
128
129
130
131
132
133
134
135
0.144 0.09213718031186315 0
0.144 0.08502516449969992 0
0.144 0.07765490271190728 0
0.144 0.07001701796162262 0
0.144 0.06210179247609719 0
0.144 0.05389915469501499 0
0.144 0.04539866753617974 0
0.144 0.03658952271958073 0
0.144 0.02746050138646804 0
1 17 0 16
136
137
138
139
140
141
142
143
144
145
146
147
148
149
150
151
0.009343039306606455 0.099 0
0.01849209615366953 0.099 0
0.02745119770577367 0.099 0
0.03622428757729797 0.099 0
0.04481522853075622 0.099 0
0.05322780029234263 0.099 0
0.06146570831630389 0.099 0
0.06953257894557738 0.099 0
0.0774319616029986 0.099 0
0.08516733647240191 0.099 0
0.09274210566334556 0.099 0
0.1001596042393878 0.099 0
0.1074230996250804 0.099 0
0.1145357878039157 0.099 0
0.1215008007828091 0.099 0
0.1283212031393282 0.099 0
1 19 0 26
152
153
154
155
156
157
158
159
160
161
162
163
164
165
166
167
168
169
170
171
172
173
174
175
176
177
0.243 0.02766666666664802 0
0.243 0.03733333333329635 0
0.243 0.04699999999994994 0
0.243 0.05666666666659691 0
0.243 0.06633333333323854 0
0.243 0.07599999999988041 0
0.243 0.08566666666651067 0
0.243 0.09533333333315445 0
0.243 0.1049999999997901 0
0.243 0.1146666666664339 0
0.243 0.1243333333330746 0
0.243 0.1339999999997077 0
0.243 0.1436666666663454 0
0.243 0.1533333333330048 0
0.243 0.1629999999996859 0
0.243 0.1726666666663762 0
0.243 0.1823333333330761 0
0.243 0.1919999999997761 0
0.243 0.2016666666664544 0
0.243 0.2113333333331346 0
0.243 0.2209999999998326 0
0.243 0.2306666666665326 0
0.243 0.2403333333332326 0
0.243 0.2499999999999109 0
0.243 0.2596666666666109 0
0.243 0.2693333333333109 0
1 20 0 1
178
0.2380998012700686 0.279 0
1 21 0 5
179
180
181
182
183
0.234 0.2857499999999783 0
0.234 0.2924999999999675 0
0.234 0.2992499999999241 0
0.234 0.3059999999999458 0
0.234 0.3127499999999783 0
1 22 0 1
184
0.2380998012700561 0.3195 0
1 23 0 22
185
186
187
188
189
190
191
192
193
194
195
196
197
198
199
200
201
202
203
204
205
206
0 0.3099130434782854 0
0 0.3003260869565599 0
0 0.2907391304348453 0
0 0.2811521739131335 0
0 0.2715652173914269 0
0 0.2619782608696949 0
0 0.2523913043479869 0
0 0.2428043478262534 0
0 0.2332173913045369 0
0 0.2236304347828248 0
0 0.2140434782611187 0
0 0.2044565217393963 0
0 0.1948695652176287 0
0 0.1852826086958598 0
0 0.1756956521741019 0
0 0.1661086956523439 0
0 0.156521739130575 0
0 0.1469347826088171 0
0 0.1373478260870591 0
0 0.1277608695652832 0
0 0.1181739130435214 0
0 0.1085869565217634 0
1 24 0 27
207
208
209
210
211
212
213
214
215
216
217
218
219
220
221
222
223
224
225
226
227
228
229
230
231
232
233
0.009872926717212944 0.3195 0
0.0196208882262714 0.3195 0
0.02924546497626708 0.3195 0
0.03874821564686174 0.3195 0
0.04813068428259927 0.3195 0
0.05739439370542062 0.3195 0
0.06654084694092709 0.3195 0
0.07557152808214668 0.3195 0
0.08448790248757918 0.3195 0
0.09329141700498031 0.3195 0
0.1019835002222346 0.3195 0
0.1105655627467192 0.3195 0
0.1190389975146128 0.3195 0
0.1274051787802521 0.3195 0
0.1356654618981938 0.3195 0
0.1438211917186783 0.3195 0
0.1518736893691761 0.3195 0
0.1598242616572318 0.3195 0
0.1676741976501427 0.3195 0
0.175424773512497 0.3195 0
0.1830772455046167 0.3195 0
0.190632855132094 0.3195 0
0.1980928297824963 0.3195 0
0.2054583788683716 0.3195 0
0.2127306977464269 0.3195 0
0.2199109651749951 0.3195 0
0.2270003488443853 0.3195 0
1 25 0 2
234
235
0 0.3269999999999567 0
0 0.3344999999999784 0
1 26 0 4
236
237
238
239
0.009899999999977538 0.342 0
0.01979999999994885 0.342 0
0.02969999999994788 0.342 0
0.03959999999997551 0.342 0
1 28 0 5
240
241
242
243
244
0.06749999999997877 0.342 0
0.07649999999995483 0.342 0
0.08549999999993085 0.342 0
0.09449999999995298 0.342 0
0.1034999999999742 0.342 0
1 30 0 4
245
246
247
248
0.1313999999999772 0.342 0
0.1412999999999436 0.342 0
0.1511999999999577 0.342 0
0.1610999999999762 0.342 0
1 32 0 6
249
250
251
252
253
254
0.1889999999999659 0.342 0
0.1979999999999319 0.342 0
0.2069999999999303 0.342 0
0.2159999999999621 0.342 0
0.2250000000000357 0.342 0
0.2340000000000341 0.342 0
1 33 0 2
255
256
0.243 0.3345000000000072 0
0.243 0.3270000000000144 0
1 34 0 1
257
0.0495 0.3509999999999892 0
1 36 0 1
258
0.0585 0.3510000000000109 0
1 37 0 1
259
0.1125 0.3509999999999892 0
1 39 0 1
260
0.1215 0.3510000000000109 0
1 40 0 1
261
0.171 0.3509999999999892 0
1 42 0 1
262
0.18 0.3510000000000109 0
1 47 0 8
263
264
265
266
267
268
269
270
0 0.3519999999999916 0
0 0.3619999999999892 0
0 0.3719999999999097 0
0 0.3819999999999121 0
0 0.3919999999999145 0
0 0.4019999999999169 0
0 0.4119999999999241 0
0 0.4219999999999651 0
1 48 0 24
271
272
273
274
275
276
277
278
279
280
281
282
283
284
285
286
287
288
289
290
291
292
293
294
0.009719999999980574 0.432 0
0.01943999999996127 0.432 0
0.02915999999994591 0.432 0
0.03887999999991908 0.432 0
0.04859999999989119 0.432 0
0.05831999999986293 0.432 0
0.06803999999983792 0.432 0
0.07775999999980876 0.432 0
0.08747999999977728 0.432 0
0.09719999999974797 0.432 0
0.1069199999997207 0.432 0
0.116639999999694 0.432 0
0.1263599999996954 0.432 0
0.1360799999997195 0.432 0
0.14579999999975 0.432 0
0.1555199999997735 0.432 0
0.1652399999998077 0.432 0
0.1749599999998311 0.432 0
0.1846799999998545 0.432 0
0.1943999999998745 0.432 0
0.2041199999998985 0.432 0
0.2138399999999226 0.432 0
0.2235599999999533 0.432 0
0.2332799999999766 0.432 0
1 49 0 8
295
296
297
298
299
300
301
302
0.243 0.4220000000000084 0
0.243 0.4120000000000109 0
0.243 0.4020000000000903 0
0.243 0.3920000000000879 0
0.243 0.3820000000000855 0
0.243 0.3720000000000831 0
0.243 0.3620000000000759 0
0.243 0.352000000000035 0
1 50 0 1
303
0 0.4409999999999891 0
1 51 0 25
304
305
306
307
308
309
310
311
312
313
314
315
316
317
318
319
320
321
322
323
324
325
326
327
328
0.009865384615366872 0.45 0
0.01973076923073383 0.45 0
0.0295961538461066 0.45 0
0.03946153846146665 0.45 0
0.04932692307682421 0.45 0
0.0591923076921801 0.45 0
0.06905769230754091 0.45 0
0.07892307692289628 0.45 0
0.08878846153825162 0.45 0
0.09865384615360695 0.45 0
0.1085192307689623 0.45 0
0.1183846153843176 0.45 0
0.1282499999996811 0.45 0
0.1381153846150953 0.45 0
0.1479807692304994 0.45 0
0.1578461538459074 0.45 0
0.1677115384613269 0.45 0
0.1775769230767323 0.45 0
0.187442307692139 0.45 0
0.1973076923075585 0.45 0
0.2071730769229652 0.45 0
0.2170384615383706 0.45 0
0.2269038461537901 0.45 0
0.236769230769198 0.45 0
0.2466346153846022 0.45 0
1 52 0 13
329
330
331
332
333
334
335
336
337
338
339
340
341
0.2565 0.4406785714285761 0
0.2565 0.4313571428571599 0
0.2565 0.4220357142857887 0
0.2565 0.4127142857143694 0
0.2565 0.4033928571429672 0
0.2565 0.394071428571565 0
0.2565 0.3847500000001519 0
0.2565 0.3754285714287157 0
0.2565 0.3661071428572468 0
0.2565 0.3567857142857825 0
0.2565 0.3474642857143354 0
0.2565 0.3381428571428866 0
0.2565 0.3288214285714456 0
1 53 0 30
342
343
344
345
346
347
348
349
350
351
352
353
354
355
356
357
358
359
360
361
362
363
364
365
366
367
368
369
370
371
0.2565 0.3097741935484025 0
0.2565 0.300048387096805 0
0.2565 0.2903225806452141 0
0.2565 0.280596774193626 0
0.2565 0.2708709677420379 0
0.2565 0.2611451612904691 0
0.2565 0.2514193548388618 0
0.2565 0.2416935483872847 0
0.2565 0.2319677419357027 0
0.2565 0.2222419354841208 0
0.2565 0.212516129032528 0
0.2565 0.202790322580946 0
0.2565 0.193064516129364 0
0.2565 0.183338709677781 0
0.2565 0.1736129032261943 0
0.2565 0.1638870967745845 0
0.2565 0.1541612903229517 0
0.2565 0.1444354838713081 0
0.2565 0.1347096774196723 0
0.2565 0.1249838709680325 0
0.2565 0.1152580645163918 0
0.2565 0.1055322580647488 0
0.2565 0.09580645161311147 0
0.2565 0.08608064516146832 0
0.2565 0.076354838709835 0
0.2565 0.0666290322582006 0
0.2565 0.0569032258065531 0
0.2565 0.04717741935491604 0
0.2565 0.03745161290328741 0
0.2565 0.02772580645164369 0
1 54 0 1
372
0.2497500000000109 0.3195 0
1 55 0 1
373
0.2565 0.009000000000022032 0
1 56 0 1
374
0.2497500000000109 0.018 0
1 58 0 4
375
376
377
378
0.2355527597702212 0.2859874189659954 0
0.2372203316327485 0.293491492347368 0
0.2390112051198736 0.3015504230394312 0
0.2409344974538662 0.3102052385423976 0
2 1 0 42
379
380
381
382
383
384
385
386
387
388
389
390
391
392
393
394
395
396
397
398
399
400
401
402
403
404
405
406
407
408
409
410
411
412
413
414
415
416
417
418
419
420
0.01361294241326408 0.4405344617800945 0
0.03424877721957097 0.4409083936123808 0
0.04409676596963558 0.4410224988978267 0
0.05391885122004858 0.441056565545313 0
0.06363258579366417 0.440877106529166 0
0.08286134370763767 0.4405978042551909 0
0.1020599999997343 0.4404177669247603 0
0.1214999999996946 0.4404177669247738 0
0.1409399999997348 0.4404177669248053 0
0.1603799999997906 0.440417766924805 0
0.1798199999998428 0.4404177669248036 0
0.1992599999998865 0.4404177669248038 0
0.1312199999997076 0.440417766924793 0
0.1506599999997617 0.4404177669248051 0
0.02429864794160372 0.4407673209537991 0
0.1895399999998642 0.440417766924805 0
0.1700999999998195 0.4404177669248062 0
0.2089799999999108 0.4404177669248056 0
0.2186999999999377 0.4404177669248052 0
0.1117799999997074 0.4404177669247614 0
0.09247031251712433 0.4405266178215808 0
0.2284199999999651 0.4404077534023659 0
0.2381399999999883 0.440396094674555 0
0.07337911645523094 0.4409124851307261 0
0.2475362085683263 0.4401808181426535 0
0.2494046032841322 0.3313707782118737 0
0.2482616170710194 0.3383203762661441 0
0.2495378573306512 0.345263624659643 0
0.2497376228268854 0.4266964285714747 0
0.249785887503149 0.4172500000000535 0
0.2498241501847656 0.4076815476191261 0
0.2498550611859985 0.3980927579366159 0
0.2498790622258868 0.3885005787038232 0
0.2498962269242709 0.3789078345459734 0
0.2499065675511236 0.3693149962339347 0
0.006930154822909547 0.4430273979651277 0
0.2512389190174519 0.3614165982104706 0
0.2499627960580172 0.354155037145057 0
0.2496924338806905 0.3242820344638889 0
0.2499297038545482 0.4336539623308078 0
0.2517927059882321 0.4452148473928074 0
0.005468479309806582 0.4371185571168553 0
2 2 0 1112
421
422
423
424
425
426
427
428
429
430
431
432
433
434
435
436
437
438
439
440
441
442
443
444
445
446
447
448
449
450
451
452
453
454
455
456
457
458
459
460
461
462
463
464
465
466
467
468
469
470
471
472
473
474
475
476
477
478
479
480
481
482
483
484
485
486
487
488
489
490
491
492
493
494
495
496
497
498
499
500
501
502
503
504
505
506
507
508
509
510
511
512
513
514
515
516
517
518
519
520
521
522
523
524
525
526
527
528
529
530
531
532
533
534
535
536
537
538
539
540
541
542
543
544
545
546
547
548
549
550
551
552
553
554
555
556
557
558
559
560
561
562
563
564
565
566
567
568
569
570
571
572
573
574
575
576
577
578
579
580
581
582
583
584
585
586
587
588
589
590
591
592
593
594
595
596
597
598
599
600
601
602
603
604
605
606
607
608
609
610
611
612
613
614
615
616
617
618
619
620
621
622
623
624
625
626
627
628
629
630
631
632
633
634
635
636
637
638
639
640
641
642
643
644
645
646
647
648
649
650
651
652
653
654
655
656
657
658
659
660
661
662
663
664
665
666
667
668
669
670
671
672
673
674
675
676
677
678
679
680
681
682
683
684
685
686
687
688
689
690
691
692
693
694
695
696
697
698
699
700
701
702
703
704
705
706
707
708
709
710
711
712
713
714
715
716
717
718
719
720
721
722
723
724
725
726
727
728
729
730
731
732
733
734
735
736
737
738
739
740
741
742
743
744
745
746
747
748
749
750
751
752
753
754
755
756
757
758
759
760
761
762
763
764
765
766
767
768
769
770
771
772
773
774
775
776
777
778
779
780
781
782
783
784
785
786
787
788
789
790
791
792
793
794
795
796
797
798
799
800
801
802
803
804
805
806
807
808
809
810
811
812
813
814
815
816
817
818
819
820
821
822
823
824
825
826
827
828
829
830
831
832
833
834
835
836
837
838
839
840
841
842
843
844
845
846
847
848
849
850
851
852
853
854
855
856
857
858
859
860
861
862
863
864
865
866
867
868
869
870
871
872
873
874
875
876
877
878
879
880
881
882
883
884
885
886
887
888
889
890
891
892
893
894
895
896
897
898
899
900
901
902
903
904
905
906
907
908
909
910
911
912
913
914
915
916
917
918
919
920
921
922
923
924
925
926
927
928
929
930
931
932
933
934
935
936
937
938
939
940
941
942
943
944
945
946
947
948
949
950
951
952
953
954
955
956
957
958
959
960
961
962
963
964
965
966
967
968
969
970
971
972
973
974
975
976
977
978
979
980
981
982
983
984
985
986
987
988
989
990
991
992
993
994
995
996
997
998
999
1000
1001
1002
1003
1004
1005
1006
1007
1008
1009
1010
1011
1012
1013
1014
1015
1016
1017
1018
1019
1020
1021
1022
1023
1024
1025
1026
1027
1028
1029
1030
1031
1032
1033
1034
1035
1036
1037
1038
1039
1040
1041
1042
1043
1044
1045
1046
1047
1048
1049
1050
1051
1052
1053
1054
1055
1056
1057
1058
1059
1060
1061
1062
1063
1064
1065
1066
1067
1068
1069
1070
1071
1072
1073
1074
1075
1076
1077
1078
1079
1080
1081
1082
1083
1084
1085
1086
1087
1088
1089
1090
1091
1092
1093
1094
1095
1096
1097
1098
1099
1100
1101
1102
1103
1104
1105
1106
1107
1108
1109
1110
1111
1112
1113
1114
1115
1116
1117
1118
1119
1120
1121
1122
1123
1124
1125
1126
1127
1128
1129
1130
1131
1132
1133
1134
1135
1136
1137
1138
1139
1140
1141
1142
1143
1144
1145
1146
1147
1148
1149
1150
1151
1152
1153
1154
1155
1156
1157
1158
1159
1160
1161
1162
1163
1164
1165
1166
1167
1168
1169
1170
1171
1172
1173
1174
1175
1176
1177
1178
1179
1180
1181
1182
1183
1184
1185
1186
1187
1188
1189
1190
1191
1192
1193
1194
1195
1196
1197
1198
1199
1200
1201
1202
1203
1204
1205
1206
1207
1208
1209
1210
1211
1212
1213
1214
1215
1216
1217
1218
1219
1220
1221
1222
1223
1224
1225
1226
1227
1228
1229
1230
1231
1232
1233
1234
1235
1236
1237
1238
1239
1240
1241
1242
1243
1244
1245
1246
1247
1248
1249
1250
1251
1252
1253
1254
1255
1256
1257
1258
1259
1260
1261
1262
1263
1264
1265
1266
1267
1268
1269
1270
1271
1272
1273
1274
1275
1276
1277
1278
1279
1280
1281
1282
1283
1284
1285
1286
1287
1288
1289
1290
1291
1292
1293
1294
1295
1296
1297
1298
1299
1300
1301
1302
1303
1304
1305
1306
1307
1308
1309
1310
1311
1312
1313
1314
1315
1316
1317
1318
1319
1320
1321
1322
1323
1324
1325
1326
1327
1328
1329
1330
1331
1332
1333
1334
1335
1336
1337
1338
1339
1340
1341
1342
1343
1344
1345
1346
1347
1348
1349
1350
1351
1352
1353
1354
1355
1356
1357
1358
1359
1360
1361
1362
1363
1364
1365
1366
1367
1368
1369
1370
1371
1372
1373
1374
1375
1376
1377
1378
1379
1380
1381
1382
1383
1384
1385
1386
1387
1388
1389
1390
1391
1392
1393
1394
1395
1396
1397
1398
1399
1400
1401
1402
1403
1404
1405
1406
1407
1408
1409
1410
1411
1412
1413
1414
1415
1416
1417
1418
1419
1420
1421
1422
1423
1424
1425
1426
1427
1428
1429
1430
1431
1432
1433
1434
1435
1436
1437
1438
1439
1440
1441
1442
1443
1444
1445
1446
1447
1448
1449
1450
1451
1452
1453
1454
1455
1456
1457
1458
1459
1460
1461
1462
1463
1464
1465
1466
1467
1468
1469
1470
1471
1472
1473
1474
1475
1476
1477
1478
1479
1480
1481
1482
1483
1484
1485
1486
1487
1488
1489
1490
1491
1492
1493
1494
1495
1496
1497
1498
1499
1500
1501
1502
1503
1504
1505
1506
1507
1508
1509
1510
1511
1512
1513
1514
1515
1516
1517
1518
1519
1520
1521
1522
1523
1524
1525
1526
1527
1528
1529
1530
1531
1532
0.1429729181882395 0.1012555566752131 0
0.1315766684172718 0.3124369829181297 0
0.1180280907421334 0.1058759809798136 0
0.2344544072520489 0.1965233750746146 0
0.008089942111732579 0.2098584498504954 0
0.171788020923858 0.3123053795537991 0
0.08895472106787373 0.1054918423732742 0
0.09709612224135811 0.3110055627361655 0
0.2346284210967474 0.1581666666663454 0
0.2340097334976716 0.2446864172714546 0
0.009718323866149486 0.1700058793390128 0
0.008262386833645167 0.2475660582059976 0
0.1484293839969239 0.09533725173574931 0
0.1946550397782126 0.3131894150979428 0
0.0567895690591852 0.1058864202667024 0
0.2341747846556589 0.1188503553909182 0
0.06118191629399231 0.3110651683312677 0
0.1507134020497505 0.07327749223673781 0
0.2344623060895631 0.09081856470609193 0
0.2293018982370634 0.282374999999989 0
0.1983761952169936 0.02580842848268613 0
0.008503455811094822 0.1416063816712549 0
0.007827645394743199 0.2763685603918043 0
0.229978362560837 0.2772223019536366 0
0.2249368294564823 0.2799063067004995 0
0.2342435269650614 0.06107909650092408 0
0.1506536790681384 0.0495905390727085 0
0.2250119383132989 0.2742766721693691 0
0.2197904805740614 0.2770933411190656 0
0.2199021471078053 0.2831650477595637 0
0.21431097423297 0.280290937024067 0
0.2142828228416669 0.2736732383018131 0
0.2083923310172447 0.2769387751095851 0
0.208516847149455 0.2699315951981024 0
0.2022685448581338 0.2733427923030359 0
0.2023663448457268 0.2661028453162666 0
0.1959454295369875 0.2696311132734955 0
0.1960659600781015 0.2621973311243252 0
0.1896217281060809 0.2663247801440494 0
0.1896551548248268 0.2582969905403877 0
0.182471754502681 0.2631604745873643 0
0.1830564066029079 0.2547119358535168 0
0.1766401799549956 0.2580896129822619 0
0.1766319496139843 0.2508818093800482 0
0.1704478168647167 0.2543112319723693 0
0.170301875026859 0.2470262227880124 0
0.1643348957189719 0.2508652462990881 0
0.1639690401102179 0.2432067162689724 0
0.157747416929938 0.2471047821666801 0
0.157520059938361 0.2393486377332358 0
0.1510058066357158 0.242881502638385 0
0.1510692945402231 0.2352377981368841 0
0.1444566283356754 0.2388997810956462 0
0.1445721172717227 0.2312663617210728 0
0.1378956422345294 0.2349828654244443 0
0.1380095711686335 0.2272965064672616 0
0.1312915192374102 0.231052133194023 0
0.1314126503803446 0.2233414033972751 0
0.1381473424824408 0.2195891351209378 0
0.1315887792900519 0.2156195591038911 0
0.138299865900857 0.2119792687697815 0
0.1319721006739587 0.2080224569143628 0
0.1383563196974944 0.2044375401175369 0
0.1246242155557569 0.2270866526439638 0
0.1321846241229284 0.2006114902854648 0
0.1383498468258288 0.197100184974909 0
0.1321886335739517 0.1933694431562433 0
0.1382350513558946 0.1899846856733059 0
0.1262298351527482 0.1971756731931105 0
0.1322797249968753 0.1864482731345011 0
0.1381511136855549 0.1830400660889839 0
0.1445124338209888 0.2008535227779675 0
0.1324575809263165 0.1796169091453526 0
0.1382600239243223 0.1765089333594718 0
0.143604375660611 0.1796752489069188 0
0.1437233708426057 0.1734783509747063 0
0.1491823384382439 0.1767361158932109 0
0.1490966159837792 0.1703791133341849 0
0.1547314377044312 0.1736863240657749 0
0.1545772354432071 0.1672216247556288 0
0.1384925040992354 0.1701438892528966 0
0.1602194953731707 0.1705510539384305 0
0.1602200254111996 0.1641063341551937 0
0.1245101308350534 0.2348849181035741 0
0.1177665143574492 0.2308784570764991 0
0.1697411219734167 0.2395419311484329 0
0.1546318937335902 0.1608094605268809 0
0.1601892768416359 0.1577341374016708 0
0.154667084757955 0.154501596513998 0
0.160167872109023 0.1515068746449901 0
0.1549415117606646 0.148290992368509 0
0.1602473747917052 0.1452248156581669 0
0.1176528222235882 0.2388062883262745 0
0.1108189219770142 0.2347118232728322 0
0.1656537779464691 0.1482878946244865 0
0.1656532375579089 0.1419310724753154 0
0.1659439113879733 0.1674189982378911 0
0.1658635378411456 0.1740755140267913 0
0.1549658447987666 0.1423126181663902 0
0.1106866150600157 0.2427836521678119 0
0.1037238580570129 0.2385682258393977 0
0.1500426744410532 0.145200478555152 0
0.1499575326299721 0.1396185713802035 0
0.1452912890942486 0.1423916725943706 0
0.1713090604769569 0.1450567663811765 0
0.1712549974701644 0.1385374282751076 0
0.1452796804263566 0.136886305991965 0
0.1404021921405373 0.1396478716160557 0
0.1498170430714968 0.1342542172659346 0
0.1515772247459914 0.2515078744118548 0
0.1036175830740081 0.2467161438243141 0
0.09662298642834033 0.242469299572621 0
0.09672863314515928 0.2343062322397044 0
0.08953104214850766 0.2382402959665276 0
0.0896479644971607 0.2299142515067711 0
0.08237651853477658 0.2340094455648977 0
0.08249938106784079 0.2255104648029961 0
0.08232114298060386 0.24220637088264 0
0.1718001025076508 0.1708702696186233 0
0.1716176298917104 0.1777931720285671 0
0.1771194220665246 0.141784483341986 0
0.1769708255081171 0.1351274372648549 0
0.1106127737769423 0.250907581338431 0
0.07518215859019309 0.2297690268791588 0
0.07528671686008144 0.221187906657405 0
0.1894207881329139 0.2510642784159672 0
0.1453947619118227 0.1315977891588268 0
0.1496877797700394 0.1292063570537459 0
0.1778513932689021 0.1744313290073077 0
0.1776259264812057 0.1817718471241029 0
0.1705047905253111 0.2607535312756583 0
0.103519436808102 0.2548921139861482 0
0.1831073821657193 0.1383600733963983 0
0.1829385092830769 0.1314235150460831 0
0.06784719484147828 0.225450085899602 0
0.06799076744635738 0.2168117990155227 0
0.07545101539269999 0.2126776973377234 0
0.06821101111725675 0.2082847225755155 0
0.07562911874598201 0.2042451792549755 0
0.06859954047948524 0.199856860882456 0
0.07582016133239233 0.195844425237155 0
0.06885145960540674 0.1914860157813553 0
0.07563254111991519 0.1874754668691492 0
0.06892930283176826 0.1831674881918614 0
0.07572705658236437 0.1791299363383484 0
0.0690860480939301 0.1748924408930561 0
0.07622342609165111 0.1708882508974701 0
0.0693238285546029 0.1666807341607458 0
0.07646227657640683 0.1627977592955989 0
0.1105489031511029 0.2590761286483004 0
0.1841125429860642 0.1781385993716288 0
0.1839391152195636 0.1856107414073022 0
0.06953220574413893 0.1585364585784172 0
0.08335726220476976 0.1669336103829442 0
0.08356506199785696 0.1590006486498086 0
0.1455276620076224 0.1266705391340302 0
0.1497278338724269 0.1243907490953161 0
0.06192979370234078 0.1878015787736502 0
0.06235104494809669 0.162536630312259 0
0.103421582690504 0.263075898213026 0
0.09029185759441224 0.1630712952171335 0
0.09050308812488275 0.1552969735427208 0
0.1892400682912173 0.1347711904565018 0
0.1891442104921577 0.1275421495805538 0
0.1818155056578457 0.1238652367955654 0
0.1888075238114346 0.1202274134263369 0
0.1827502425478212 0.1166045068682387 0
0.1887689113689757 0.1129908530997242 0
0.1824353791959181 0.109570545214487 0
0.188588452547139 0.1057905379948308 0
0.06250324738322353 0.1541824413139741 0
0.09708980426064692 0.1593041813535712 0
0.09723939022090466 0.1516545121803793 0
0.1104791972042197 0.2672861331577739 0
0.06044655092053589 0.2209598778742783 0
0.06032468355448421 0.2297227476111501 0
0.09076825512663812 0.1476203848718425 0
0.09745908814503418 0.1440482330472617 0
0.182163498123063 0.1023193865013454 0
0.1884400462609943 0.09844978513624802 0
0.1893456919637908 0.1420183880255795 0
0.1905961283509371 0.1819172015547669 0
0.190448996464588 0.1895348441641704 0
0.1837092174231818 0.1931883662511449 0
0.1902392881558513 0.1972064531160387 0
0.131784541615225 0.1038024813355295 0
0.05519317766757077 0.1582638948438733 0
0.05536869262344854 0.1496630897184106 0
0.1032202008623256 0.1555291817570295 0
0.1957928151844789 0.1383324754183237 0
0.1898862315684747 0.2737626473792794 0
0.1958297853697844 0.1459270004584668 0
0.0967352910510281 0.1666714078313428 0
0.1457217066015616 0.1219076871402209 0
0.149914645827698 0.1193964378604505 0
0.1416770859095008 0.1240498755632645 0
0.05278821512532236 0.2251473920462946 0
0.05266517282313811 0.2339737150084005 0
0.08222292237360673 0.191819384303332 0
0.1834601724675877 0.2008014920858724 0
0.1899885513560416 0.2049215750136248 0
0.03169617443310734 0.105929340643422 0
0.1819593132624572 0.09503007047370357 0
0.1882836427182633 0.09096370638507423 0
0.03356620763593071 0.3112798140241082 0
0.06288740008238786 0.1459999285824578 0
0.1033183394793726 0.2713123337413694 0
0.1104163147288292 0.2754883027301414 0
0.1175591550732519 0.2714459031719852 0
0.1949783768401218 0.1091146998278142 0
0.181641949444352 0.08740860020659187 0
0.1881819507752697 0.08316477963757561 0
0.1812123039624179 0.07942226121067664 0
0.1878208897476717 0.0750885792175062 0
0.09618305997108194 0.2671037042334964 0
0.1951235719133084 0.07901305174462614 0
0.1950019062949732 0.07071806577624086 0
0.1874198564094287 0.06672544457760841 0
0.2146671325259493 0.2869624660344029 0
0.04525303388255288 0.2297621215608938 0
0.04564756170649105 0.2220087761527392 0
0.04535320626693734 0.2383467542671421 0
0.05264026592198179 0.2428509724491777 0
0.04480216480954977 0.2471861226184094 0
0.05228645099509275 0.2517510303886756 0
0.04506594160174575 0.2561412506631354 0
0.0522191111437381 0.2607073841690934 0
0.04459824783259249 0.2651140452643648 0
0.05230951462076382 0.2696934266157101 0
0.154163161931983 0.1220775446149478 0
0.1541067574328726 0.1169421909833903 0
0.09103891888236977 0.1400176447066244 0
0.09772591728266167 0.1365091747129371 0
0.09608089806789226 0.2754423442203611 0
0.0479036145668426 0.1537475332739923 0
0.04777214929781692 0.1624156459581854 0
0.04818393767674457 0.1447978838341493 0
0.1972705450831594 0.185791179679109 0
0.2025345126280109 0.1420178918566779 0
0.2026549577559921 0.1497876386287149 0
0.08263275626789618 0.2089094890289767 0
0.07399826456265768 0.1054536277722559 0
0.1150566744480789 0.3127676827763556 0
0.1037881274195231 0.1051056438366406 0
0.177001936714472 0.1967740431123587 0
0.1768498711506767 0.2045185501552491 0
0.2043284486880924 0.2584307338377292 0
0.1786770884745913 0.02747857238630187 0
0.1040226252484459 0.1404524213603654 0
0.08081105163823803 0.3110717495813781 0
0.1478316571654707 0.3127242810238148 0
0.2339452147150915 0.2255653403183993 0
0.1175715538731698 0.2797779666018663 0
0.1245703551025143 0.275663716457221 0
0.008112466598155212 0.1900765768477153 0
0.1447754176056055 0.2157186646248629 0
0.1403163125908888 0.1454705006577368 0
0.1351886966609787 0.1425348791506443 0
0.09691670398567688 0.2260468380777839 0
0.1460783734917921 0.1172756343479415 0
0.1573668704379925 0.2316002102912672 0
0.1180330471890027 0.2230959974662209 0
0.2333395015550587 0.1775137680352402 0
0.2026881210698974 0.2805360586889907 0
0.1968532565064151 0.2012830084566989 0
0.1966447189927379 0.2091149540526918 0
0.04444973226465604 0.2741267383744111 0
0.1377813604959942 0.2426522464715675 0
0.104320646960198 0.1331224553890469 0
0.1655257134797705 0.1810247707808774 0
0.08881312605618172 0.2711423512031186 0
0.1897030178159575 0.2129456912336519 0
0.1963375359412875 0.2171305188464709 0
0.2182440694640774 0.02685764292368006 0
0.1755120368476943 0.09903712994594346 0
0.1954718824703186 0.123695288436846 0
0.1948209411771239 0.06218387127207074 0
0.1350740970081797 0.1485618787458018 0
0.0403364244865456 0.1578251574322673 0
0.04017624627620701 0.1665597193292929 0
0.1950215993657116 0.09461820474363707 0
0.2034667447518875 0.2133221889650211 0
0.2031097751685398 0.2214043305226989 0
0.2023948396383575 0.07482201949348262 0
0.1297519827137509 0.1456040075947104 0
0.1297849727409707 0.1384271931417655 0
0.1297762793624562 0.1517301941812197 0
0.1776601426328186 0.1489484030418443 0
0.1262813857261177 0.1828661566985568 0
0.1265634940592684 0.1759130680428978 0
0.1588618289914948 0.119638057474428 0
0.08874899174544894 0.2796754841613159 0
0.008090406656479265 0.2288070009770299 0
0.2086189651872186 0.3125609645634366 0
0.05222373820818072 0.2787464112152445 0
0.158952131195172 0.1142365423768844 0
0.1202453328660669 0.1791572530313303 0
0.09132280958716578 0.1324402832813554 0
0.1248197582974255 0.2838273250260365 0
0.131555475638567 0.2796703705564615 0
0.1106045574697997 0.2841439284252689 0
0.1457447751974001 0.1012851650585782 0
0.1444206579937724 0.1038985537446567 0
0.1973800087469182 0.1779777606505486 0
0.1315742305562481 0.2716980113277479 0
0.1384372803290785 0.2757716698967627 0
0.1384150913102827 0.2836330225542074 0
0.1452576204216689 0.2797919217558954 0
0.18717782438829 0.05813819769289356 0
0.1798832017406834 0.06283307570930012 0
0.2139127985215301 0.2663258660221912 0
0.1839825460468762 0.1705159416354677 0
0.2354310904372952 0.1395404111721137 0
0.1540300316125227 0.131765216047119 0
0.2042906171957322 0.1819802454141547 0
0.1476432021030682 0.1038356824215662 0
0.03652299425575502 0.2601296456931501 0
0.1703603983358375 0.2003662704548222 0
0.1702305495727102 0.2080546676331835 0
0.1748460575562173 0.08465689123289889 0
0.008302547892780537 0.2955326086957027 0
0.008302547892820944 0.1229673913044023 0
0.1959672264733852 0.2251307600433484 0
0.2027027239272207 0.2294672104665913 0
0.2278983101437978 0.3022035772648397 0
0.06060487062471968 0.2654498955473462 0
0.1204929336394105 0.1720829031960764 0
0.1452032706286993 0.2876675307842018 0
0.1520401786584881 0.2837766007388026 0
0.2043697682852261 0.1738959160457846 0
0.1242398084269236 0.1487373065785581 0
0.179498301873014 0.0541358875635682 0
0.04432119570701862 0.2831987589754882 0
0.1498092709156684 0.183415442598907 0
0.03724292035096828 0.2336881426379939 0
0.1176447232663 0.2550153825755552 0
0.08455812953472849 0.1359962517300089 0
0.08483951886791194 0.1282999885251281 0
0.0612777125599217 0.2045987611865092 0
0.2094217782805938 0.1458998416412987 0
0.2096266703538226 0.1381518624755722 0
0.1519856082187251 0.2916261230032646 0
0.1588015680543394 0.2877642850345022 0
0.1520936074138561 0.2759328170589062 0
0.03648203402687755 0.278550697997811 0
0.07804568285350527 0.1318426396182853 0
0.194633499274259 0.05346439508484866 0
0.2024596808148354 0.05764223997642139 0
0.2103613437739314 0.2176159884990309 0
0.2107354575694029 0.2092991706288723 0
0.163802310095151 0.1168215572079848 0
0.1493600175497647 0.1574681600465984 0
0.03265723566560363 0.1619636636815704 0
0.0325203595485784 0.1707803338040826 0
0.03287264530634805 0.1531552844925394 0
0.04004736956546363 0.1753459710617166 0
0.03234176998757043 0.1796422402931812 0
0.03991207517548595 0.1842297666389096 0
0.03219820743361287 0.188544132568979 0
0.03978121344947498 0.1931482543660245 0
0.03203909578960906 0.1974794185838418 0
0.209503451158141 0.1539913159404299 0
0.09163023473071692 0.1248726539155946 0
0.1103390263442812 0.1367629629797339 0
0.1106770305624099 0.1298060706233147 0
0.0521371037577003 0.2877921406404089 0
0.05971313679405284 0.2833406707027467 0
0.1637698964352331 0.1226790718602967 0
0.1722400737240716 0.05881277991997826 0
0.1717663732761675 0.05010430606351682 0
0.1461875130999563 0.1068393839011921 0
0.1425723902165582 0.1073461827970986 0
0.1386941989811157 0.29100513392686 0
0.1385010372210584 0.267845772660357 0
0.158748707579481 0.2955839214218859 0
0.1655322158740857 0.2916967186766726 0
0.1655897254223031 0.283918740758344 0
0.1723074037031335 0.2878675819983111 0
0.1636097276266335 0.2040499324233893 0
0.1635254555099477 0.2113880439951448 0
0.1697877263145071 0.2159463334080163 0
0.08160276414847553 0.2753245494848327 0
0.08154602199420286 0.2839034509561833 0
0.08151813240005021 0.2667654417352067 0
0.08875879712793656 0.2882626592340747 0
0.1637091753936592 0.1110229942300448 0
0.1142313235207867 0.1756291910902422 0
0.1138517947513204 0.1826797857432153 0
0.03635475169164618 0.2877184199754306 0
0.0250556731545003 0.1573483281908713 0
0.1961382472372161 0.1535871932532035 0
0.1723447840401327 0.2801303495667803 0
0.234780792139153 0.04241634492799706 0
0.2115141142294495 0.1780023185031861 0
0.2112624485206474 0.1862269886333265 0
0.2022881618180454 0.04858200959776902 0
0.2101056406047266 0.05296164861976377 0
0.05994092470831358 0.2471382821190191 0
0.1346408505620133 0.1546216106904318 0
0.124075114664364 0.1547636718617227 0
0.1578541239518194 0.1089235560070074 0
0.2179359205283222 0.2136974602802225 0
0.07829302855468169 0.1241176914161592 0
0.07139779437692226 0.1277039622266873 0
0.1069629973132975 0.1781118026213644 0
0.1072015478643213 0.1862382913195826 0
0.1008271372068126 0.1823067418694637 0
0.1005521195534925 0.1899626695476429 0
0.1071159973889949 0.1939974581364896 0
0.1002934782548954 0.1977261441288414 0
0.1069596498314722 0.2018056528935027 0
0.1003871052393423 0.2055778734845886 0
0.1955645878345806 0.2330826931226752 0
0.1889013852469796 0.2287961004952042 0
0.2022688518448933 0.2374691417495788 0
0.2095009453362619 0.2337961744206321 0
0.2089136649285215 0.2415376772317429 0
0.2166353598074658 0.1499633179071806 0
0.2167107454981312 0.1582383990967162 0
0.1717127255043679 0.1640517810047857 0
0.1722613726770489 0.2955934273602353 0
0.1789778208713687 0.2917960826675972 0
0.1789474791804258 0.2994260373999424 0
0.1854620976508217 0.295641999443273 0
0.1634221111264337 0.1053156703362737 0
0.0812326031364717 0.2925114536440899 0
0.02848040071385458 0.2831362079832914 0
0.02830627179920929 0.292316241889244 0
0.1636015234440294 0.196816098615449 0
0.1585332477555212 0.1030439117876505 0
0.1634445179580485 0.09946761118116465 0
0.1143084718131809 0.1688481317332962 0
0.1591635090755078 0.02709166494324679 0
0.2165700937466445 0.2382592015324741 0
0.2159777397977597 0.247116821967418 0
0.1165704170459237 0.1331181656559662 0
0.1168125313456808 0.1265078858456207 0
0.1109948791397995 0.1228480473078188 0
0.1104957603273197 0.1443917300026786 0
0.1270146866667081 0.1691434941342971 0
0.1171230069646302 0.119702314067311 0
0.1227717040611754 0.1232901607822282 0
0.1230175010110099 0.1167700669179052 0
0.1284553425744835 0.1202354057568131 0
0.0597731310673101 0.2923613184439892 0
0.05205288931504879 0.2968399181761414 0
0.106839050882857 0.209696345736075 0
0.02532715010470484 0.148405344133352 0
0.1316900142845409 0.26379221830574 0
0.1281630128966745 0.1264699363797928 0
0.07766375828903721 0.139343252786399 0
0.1942674309626811 0.04435268628430743 0
0.2210921045110803 0.2884542104470759 0
0.2165014086631434 0.293878100376689 0
0.2092256821553528 0.2907716483416978 0
0.2094914070905666 0.2976140064338631 0
0.2032190571966684 0.2945932704168147 0
0.0396382090602034 0.2020676494064867 0
0.03180423949178069 0.2064350684099681 0
0.1650299907774244 0.1356629915085918 0
0.1688587201288592 0.1199277544239938 0
0.2182464067022662 0.2051268731918638 0
0.172567122725423 0.06730165385390083 0
0.165200268401235 0.06343609463216149 0
0.1648925058308592 0.07174124926783024 0
0.1656770847648378 0.2762002963609183 0
0.113363432242383 0.2058975841438558 0
0.1570316952303168 0.2076577425620665 0
0.03316098721110274 0.1442400119672019 0
0.02563591190582995 0.1394554268825292 0
0.03348427328392604 0.1352619863200138 0
0.02597131956170079 0.1305267221726684 0
0.03380305628164586 0.1263729897791521 0
0.04122966275173393 0.1310497218226247 0
0.04151473070034421 0.1223505776979284 0
0.0504064698891613 0.1262384623333752 0
0.02463589941679863 0.1212273443431981 0
0.2039631589021488 0.3019062695839312 0
0.197396160848033 0.169946497940235 0
0.1246489941405114 0.2432036052652818 0
0.138578556127012 0.2599468394823483 0
0.1453306538485264 0.2639791056632713 0
0.02712423506828608 0.2733064936260752 0
0.08869349720536296 0.2968657840383487 0
0.09612959745330518 0.2926210405546041 0
0.2098304473327503 0.06186731249300012 0
0.2157432829513557 0.3005859942391033 0
0.185355178238077 0.2880483670360572 0
0.2024981456016404 0.08328926813912801 0
0.2098917360674697 0.0789743432921924 0
0.2100368518694403 0.08760436304538596 0
0.2174334296991368 0.08319672086920173 0
0.2177165206616568 0.09171712435408931 0
0.2099814258752001 0.09628404017548586 0
0.2177834889169916 0.1003926976398668 0
0.2100418924287414 0.1048855320847108 0
0.2175299234652509 0.1090955248480026 0
0.2101823825623047 0.1134677995121057 0
0.2175035727180966 0.117629077439759 0
0.1791074555853386 0.04534192248764693 0
0.1714030137316857 0.0414794391317727 0
0.1687770258072979 0.1078849369648678 0
0.1497146094858997 0.1067703191169283 0
0.2101825047510077 0.1217125981702186 0
0.2174678912317644 0.1260525462819542 0
0.1577137241629807 0.09712288537571274 0
0.1634217898499704 0.09336141577016288 0
0.1578744936385879 0.09033431917531738 0
0.210138892125952 0.04369283103027232 0
0.2259878244108569 0.104744275634958 0
0.02423582932035176 0.2014593376855634 0
0.02397913176539431 0.2108401314028096 0
0.1886237407866021 0.2364918397349328 0
0.21686012143675 0.2300359323222367 0
0.0717109636602162 0.1200225835581525 0
0.06478478113389487 0.1233304208041607 0
0.02442106163124852 0.1833864551698181 0
0.1481920178647629 0.1101085591533074 0
0.2305388554836912 0.2715660937062929 0
0.1317884711051857 0.2558921568108773 0
0.1572379644394817 0.2152010280942392 0
0.01391756773013799 0.1068410625947157 0
0.218678686364588 0.1821423624336719 0
0.2184290582758781 0.1739183139651082 0
0.2256995198625553 0.2097353793213631 0
0.04742606809554254 0.1799236194568908 0
0.1118174083699306 0.1158986470367187 0
0.1044560402314868 0.1178728699592888 0
0.1185534102820958 0.1519927589811828 0
0.2175480197885872 0.04805642188440985 0
0.1691492178295568 0.125793216252719 0
0.1851731567540122 0.3032404150246459 0
0.1820474597311585 0.2322018549589284 0
0.1823575673238974 0.2246474949321123 0
0.1755360981960208 0.2279904362160143 0
0.2175082980708058 0.07455475380889764 0
0.2253846344112473 0.07841368206920343 0
0.06434298763267221 0.1303266242886004 0
0.01464525138226593 0.3103240238799519 0
0.0494802499332198 0.1174050405478649 0
0.1633801303209445 0.08679742481674353 0
0.2020895666338035 0.2448726216638226 0
0.07345608166196231 0.2717281408918799 0
0.07416005324329289 0.2623623774482255 0
0.08172297651451391 0.25829460030712 0
0.07445450989776996 0.2539507226180654 0
0.1519413726545458 0.2994749852619829 0
0.158952763932063 0.302948987620222 0
0.04714194519560584 0.197716889730826 0
0.2234556570096903 0.3133992689633711 0
0.2108113175709674 0.2012101240813161 0
0.1287563447212973 0.1141244661829078 0
0.1343521976879887 0.1175967826672551 0
0.03139391791311967 0.2155400275980718 0
0.02377980438153769 0.2200252083026021 0
0.07852082212581338 0.1167981740606872 0
0.2182740736178525 0.19700100360967 0
0.1254963964896368 0.2122034367414846 0
0.04676585246423457 0.2060039157952819 0
0.1972232480628255 0.2977785622358863 0
0.197350533272081 0.2901225728429413 0
0.07374177128646249 0.2881417619589229 0
0.07443466244013146 0.2982768592101903 0
0.09276992041025549 0.2012863937933044 0
0.01738339899514171 0.1526607224596826 0
0.03645793300669041 0.2966233506341125 0
0.1367813727203703 0.1035332975921246 0
0.2238619729010365 0.2345011369689456 0
0.1010614931338874 0.2123131130211468 0
0.1062401814876458 0.2172010743038341 0
0.09412530719689528 0.1856221732132574 0
0.2252249923029076 0.2673928112053814 0
0.1573753231505302 0.08350372787361578 0
0.02090715291845354 0.287206437860687 0
0.2039303754206959 0.1656326281660823 0
0.09444324983170835 0.1788344313276044 0
0.1519651391502664 0.1100653397474783 0
0.1824153622390031 0.2397519026523632 0
0.1342227367317237 0.1119904404985285 0
0.1385664575927715 0.1141157153394822 0
0.1721685433016181 0.2728024838715924 0
0.1642915329540027 0.04697900525054261 0
0.06561347621497468 0.1153253221995176 0
0.2311731505083288 0.2648251271256233 0
0.2254031683249677 0.2598117626177414 0
0.04183891384736013 0.1140893355427151 0
0.1514599690464165 0.1033399928912098 0
0.1185576414913027 0.1587028708913708 0
0.1775948063725434 0.113410271800207 0
0.1786664083248193 0.276444502366302 0
0.08732240190686766 0.1817444467101633 0
0.02075626602425342 0.2961590672704854 0
0.01780633620926053 0.1350251378558279 0
0.01714145772116002 0.1617623523843141 0
0.2332797415316379 0.2585299178860549 0
0.226824881253148 0.2515295575932482 0
0.2363274316974429 0.2749293432139846 0
0.2256585399060498 0.06849389131068129 0
0.2277513434572473 0.288912591873122 0
0.2281888915138854 0.2959418298244589 0
0.2223718905486197 0.1539194154098171 0
0.2256084174557288 0.1609580935242677 0
0.2237779426928428 0.1468901671111776 0
0.09629368752163323 0.3014190074605209 0
0.1035231995272689 0.2969072015005521 0
0.2253763711023204 0.2186296254776716 0
0.1177804196826961 0.1460842448699208 0
0.157892814991621 0.06835740582098204 0
0.1577865743711142 0.06038517741794031 0
0.2181863915141457 0.03868958755744087 0
0.2098523196733371 0.03421381468838218 0
0.2267520799511725 0.03413267399564987 0
0.149026926490969 0.0891194824784706 0
0.1635784919615265 0.03678784511112377 0
0.08869280180885254 0.30546432123062 0
0.1743598633664173 0.1227501031439673 0
0.138552117360136 0.2518636143303972 0
0.2028888243512616 0.1179432472398115 0
0.1130566916912081 0.1554095457471887 0
0.1790183032755192 0.3070049155697564 0
0.1845414497689195 0.3108462452742235 0
0.202732792658162 0.1006359549244438 0
0.218433919912958 0.2552933421666617 0
0.2103210278337324 0.2529176173203881 0
0.142094682337515 0.1197189952714136 0
0.234152288487879 0.1670446055886663 0
0.06724394819714076 0.2591728974743447 0
0.03175819653633397 0.2255285417550074 0
0.02363844576945135 0.2291981612271886 0
0.04862373571126788 0.1354740160302724 0
0.12353026592506 0.1104349226543702 0
0.1691535125095814 0.08962396482672789 0
0.1442956648530007 0.1936542093252844 0
0.150446564969152 0.197248280947208 0
0.1503825215073403 0.1903132265888156 0
0.05989253455165953 0.301404956368386 0
0.05201926642808808 0.3058998184490445 0
0.1332969170405687 0.1235540334664408 0
0.1331295713729322 0.1291626317556585 0
0.1281585919328628 0.1322618227419004 0
0.1497765836815413 0.1512041324015303 0
0.1445226738909931 0.1543451738383612 0
0.144047395959144 0.1609319226066518 0
0.1974190377582232 0.3058090144304438 0
0.1634737764502082 0.1293166384941755 0
0.1564757241823506 0.1939019397109251 0
0.1565878049723672 0.1869961148751738 0
0.1446164324098311 0.2080114844126365 0
0.06806479505433916 0.3043909751793724 0
0.2249165181582075 0.1218559170127625 0
0.2244573561845858 0.1301273769137299 0
0.1492662638220975 0.1640333691800026 0
0.1249186197556366 0.2597285865524481 0
0.1651658357803538 0.2692798625054492 0
0.1414114282671838 0.1288593803858483 0
0.1409367264178458 0.1340510551783353 0
0.1360313970719377 0.1365377767390485 0
0.235113885510267 0.1487009030157776 0
0.103418151337309 0.1479988304603002 0
0.1326409901280318 0.1729495034123158 0
0.1331811425195566 0.1665281920032197 0
0.1280941655915826 0.1631509306604608 0
0.2340792237345714 0.2153050007867796 0
0.1598178758271047 0.1393034475805779 0
0.2342185125624613 0.08157836490095235 0
0.04890018366278698 0.1099414331487042 0
0.224213295546478 0.2433345204540735 0
0.1032396448351255 0.1631611648382751 0
0.1034937279003728 0.170848484435863 0
0.2220080601803853 0.298672739824816 0
0.2211785214237646 0.3064366822451131 0
0.2137785976689247 0.3072335126458902 0
0.1042594211180333 0.305096568903035 0
0.1111492258745379 0.3007399601594025 0
0.1108119706396899 0.2926666907066458 0
0.1181342193827961 0.296804279530243 0
0.2331177523483869 0.1295494066227598 0
0.2011076530355394 0.3130972912928839 0
0.1721494420437516 0.07676853655582164 0
0.1633663167250336 0.07970201598670509 0
0.175313914186771 0.1064749417586789 0
0.1684309209770206 0.02683283969236335 0
0.1541424202703167 0.03568545361634431 0
0.1502001774941906 0.11431822482165 0
0.1386909491455337 0.1095308714633005 0
0.142244700146224 0.1116315419348007 0
0.170688048029556 0.1321229576801012 0
0.1552510142766488 0.1803465943398221 0
0.08370315271171617 0.200649200844743 0
0.01607710736335243 0.2151568769836801 0
0.08261151495151828 0.2170622421901428 0
0.08926272052706005 0.2137013344130839 0
0.08954691579271928 0.2219205892054681 0
0.05802369613185389 0.1187489815465771 0
0.1760969803818762 0.2204828286800879 0
0.1693959458225628 0.223742430065084 0
0.1767888628321988 0.2126970761265529 0
0.169518475685991 0.2316790855804414 0
0.09808133048760573 0.1290874783653032 0
0.197322362658114 0.1617493442200659 0
0.1902180461889188 0.1661231532910347 0
0.2342732103306891 0.187548241097908 0
0.2354309695844646 0.2350917939931612 0
0.1508700821703981 0.08174311695517517 0
0.2259910733713117 0.1927350317199896 0
0.1450848577921268 0.2556413142489882 0
0.1519262621215176 0.2599043913154898 0
0.1520884213854501 0.2680163277984221 0
0.1585365242968299 0.2648532579104808 0
0.1789008761261546 0.2841248004036188 0
0.1857295400190876 0.2802789707919392 0
0.1922470597870378 0.2843647992165065 0
0.1773236925060886 0.1892862667545125 0
0.1705915851670879 0.1929985542442754 0
0.1634320701728017 0.1885938711526382 0
0.138839233898097 0.1640358281773352 0
0.008406070492470868 0.1322832203587763 0
0.1317104245413158 0.2476927908319895 0
0.1397325721258564 0.3125412627107438 0
0.1355608048922909 0.3055847164686823 0
0.1277554829692861 0.3055176202978226 0
0.1311113376369343 0.298834339743452 0
0.1444348438092504 0.3045039702365561 0
0.1590402514742107 0.256487439074901 0
0.04723794282738648 0.1888065509179615 0
0.05437288280493494 0.1927486885135432 0
0.1446387160313379 0.2235344492819831 0
0.1511534121959688 0.2196351517749595 0
0.1511559813717188 0.2274789970493167 0
0.1572194634162528 0.2233831451709117 0
0.1787947952458225 0.03697008695905375 0
0.1797693463323507 0.07131573552961572 0
0.07682329692056808 0.1548596757950326 0
0.0698878388022985 0.1505197174290013 0
0.234276273175538 0.1094910050506439 0
0.2345360811125616 0.100141090683607 0
0.2258926965853812 0.0958323208778783 0
0.00832806205500655 0.1803515043206883 0
0.01691327581442027 0.1771542633048236 0
0.04087354198976506 0.140009021470856 0
0.05563543034342366 0.1407086410613443 0
0.2345048107736347 0.07154519514527234 0
0.2249911666616491 0.05963589062970285 0
0.2310574621752837 0.0521715157554786 0
0.008189385796359507 0.200056894234522 0
0.01625115091131111 0.1959927347770288 0
0.15587792038952 0.3135563789337173 0
0.1777816313093759 0.2691138040073766 0
0.19538553361233 0.2406884572872116 0
0.1587426040865372 0.2723810352732577 0
0.0476735263579199 0.1711378699461795 0
0.05485349572051291 0.1753456125520666 0
0.1888642990564458 0.02622340126490326 0
0.04372257388927962 0.310966125361119 0
0.05981183195114115 0.2748091783004581 0
0.06775863395488101 0.2797416964942689 0
0.09002813600440451 0.1706521122814936 0
0.02437284076397271 0.3111287493007692 0
0.1136123884344489 0.1978661276986336 0
0.06026195545830904 0.2385052411417129 0
0.06768090122389327 0.2424126017383405 0
0.1545386377657466 0.1368626349305947 0
0.12338682440901 0.3124933796076039 0
0.1187007570445654 0.3049772065579807 0
0.09608167888823213 0.2840130619447546 0
0.008168765049201436 0.2381905125587559 0
0.0164139597220034 0.2429673241120676 0
0.01647394879724111 0.2522710573177671 0
0.02460808547275743 0.2475931514608374 0
0.02503075973217489 0.2573888677905946 0
0.01660294014504626 0.2616093904256613 0
0.08516819283100575 0.1205031978808787 0
0.0918529699789831 0.1178533815916221 0
0.08520404053895454 0.1124805602585305 0
0.1136466675442083 0.1900195512149929 0
0.06570546360675764 0.1063842345661076 0
0.08142919618821344 0.1053049765132067 0
0.03167465451463547 0.2519288172838279 0
0.03246701940588325 0.242695280887606 0
0.1507477533259131 0.06560290490276358 0
0.02286575325285104 0.1064910845368124 0
0.01850869854614055 0.1136891350677349 0
0.09644564241714845 0.1051498239063586 0
0.1004126883160628 0.1109682437501121 0
0.1176051234383329 0.2633049341152555 0
0.1106839823671825 0.1049517987180546 0
0.1893596612041097 0.2209980092656361 0
0.14530568118555 0.2719098261552531 0
0.1128336897693861 0.2131460278799236 0
0.00829235274005059 0.2859633106965095 0
0.2030136766640049 0.1096533148492843 0
0.1895125817009329 0.1490653047247002 0
0.1888300221043586 0.1570027704064076 0
0.1832099683908472 0.1627634825432128 0
0.1810758128063438 0.155557173925427 0
0.1037428862579106 0.2306679943869255 0
0.2174023057007804 0.1340951079009468 0
0.03896810718306455 0.2106375105467627 0
0.008287116257747643 0.2667984675064846 0
0.01660401553501832 0.2719623495287202 0
0.03413379276299542 0.1181847863646999 0
0.1179187919641591 0.288165624180476 0
0.1258855885146473 0.2924093056314826 0
0.08895091606117619 0.262585336172139 0
0.08921586007201238 0.2543736254066744 0
0.08392133715209149 0.1512659667365636 0
0.05691386562914036 0.1328586327327773 0
0.0703079841938142 0.1425659940790161 0
0.1034029352533875 0.2883204200529879 0
0.2086693162286164 0.2839108189931098 0
0.008249797495440424 0.2570934162405115 0
0.1721754991539415 0.3035655207423938 0
0.1653706074601917 0.306879398258263 0
0.1225972601573392 0.1296240712200805 0
0.1228929907535028 0.1359081577369166 0
0.1588759233656173 0.2800015621249954 0
0.08330478844442571 0.1751420410059227 0
0.1248167421581135 0.2515934536400911 0
0.1648450489232449 0.05539805784915958 0
0.1176771117709118 0.2470516605522409 0
0.02386247930508758 0.2382462789984141 0
0.0677511695561691 0.233992349883357 0
0.2026989127605052 0.09175431890101078 0
0.1451902158390353 0.2955523334529004 0
0.1250882655847705 0.2195882984311141 0
0.1832378871404409 0.2087324148099784 0
0.165506861112802 0.2993779956799454 0
0.1940479481304445 0.03451723933517548 0
0.1633474131730843 0.219327314441399 0
0.02862880056053313 0.3024058711159805 0
0.1406550315552839 0.1007852437176651 0
0.1406849021559393 0.1034692999551871 0
0.1659299632601249 0.160862766818744 0
0.1711902070179517 0.1574900627243606 0
0.1033174539812522 0.2797867318524805 0
0.04426280815486845 0.2922468247888835 0
0.05503609248191681 0.1667190345866556 0
0.08160690221624871 0.3016930360531014 0
0.05328139917198342 0.2169939058683893 0
0.124726685190573 0.2676630013494107 0
0.1110086635026549 0.227147563888085 0
0.008145440306701529 0.1514561425482856 0
0.1208203641654716 0.1650441828612291 0
0.1960080139237999 0.2778833722235846 0
0.060912536975594 0.212834658134117 0
0.09806311448299965 0.1220094901374881 0
0.1197559873534831 0.2013340740818436 0
0.2109550126992868 0.1697069070669189 0
0.1446372577305737 0.2470090017334565 0
0.09634168240499563 0.2588660374441938 0
0.0363474632495685 0.2693356285189733 0
0.1439108974341597 0.1671670789209629 0
0.2028412667034477 0.1261706276536464 0
0.1312268479737096 0.2387028856736283 0
0.01776299036983736 0.1262533801728745 0
0.1710295331019134 0.185611350939709 0
0.117724253317375 0.1131305443883584 0
0.08429566051672041 0.1435762987436604 0
0.1234173951946033 0.1424045309372974 0
0.01775275624653137 0.1436449321309174 0
0.09393315994156792 0.1931033248914179 0
0.1964674885169813 0.255006952939699 0
0.1586555372676161 0.1250254744553131 0
0.2036583705353104 0.2053628154495988 0
0.2026100919445158 0.1342463680734833 0
0.2260199529222492 0.2011146648646296 0
0.02511190120043673 0.1659584137331209 0
0.2031951275555872 0.287399752123971 0
0.04055618142458393 0.149039061156322 0
0.1506204255428574 0.2042091913754308 0
0.04431439109484567 0.3011825035924397 0
0.1439633815756994 0.1865933003026524 0
0.1970526252026761 0.1935388637503912 0
0.2022540549532618 0.03958264643017981 0
0.09648577329855845 0.2505851346210337 0
0.00849569222581017 0.1601990539587758 0
0.1044321736440832 0.1257910686303768 0
0.008624545916047759 0.1137654219168978 0
0.1868445527028492 0.04933961623329614 0
0.2099526085330893 0.1299659985260946 0
0.1200471151254452 0.1862669546118867 0
0.1776223653186829 0.1671822931634708 0
0.2039472527717946 0.189760127712509 0
0.1906142388612913 0.1741031924072803 0
0.2257314827639348 0.113611025896174 0
0.02937910877940153 0.2653573716982962 0
0.2023657102036566 0.06630067014497665 0
0.2085605181655466 0.2633136055560386 0
0.2099686332136668 0.2256863235604085 0
0.1950781354774884 0.1164461968802118 0
0.07508793346290978 0.2380521399301693 0
0.2166490980730025 0.3134209827361142 0
0.1954908322740107 0.1310812522554458 0
0.1834340407962929 0.1451031317831721 0
0.1827717539974318 0.2473424827910859 0
0.1953013038557831 0.08713388825850865 0
0.007323448927672255 0.3047792992903982 0
0.1254449476514057 0.1044676920911381 0
0.1946954884737995 0.1020462144468592 0
0.1569642768325566 0.2006471976057447 0
0.2339242778334694 0.2057602431431775 0
0.06222341043215904 0.1707741512999107 0
0.07714997931242162 0.1470218175949455 0
0.02493388042058545 0.174293637233603 0
0.04121089310184667 0.1061499155526836 0
0.2037559571525704 0.197437043580331 0
0.2099478457191403 0.07044931162715891 0
0.1685230774938 0.1140378384407606 0
0.1570875604407592 0.07642889054093058 0
0.2241985579129213 0.1777128604477324 0
0.1316922402431754 0.2872933772931693 0
0.01646301077250602 0.1866380204164649 0
0.1261851567786511 0.1898601974053215 0
0.01608499483232298 0.2337368443689785 0
0.1692660258415412 0.09598040354378384 0
0.008074140082897859 0.2193352140991399 0
0.01607008784295761 0.2244443841751051 0
0.01613709121141695 0.2055607374890165 0
0.2283324382521711 0.3092763123280606 0
0.1509058912373435 0.2117388771406992 0
0.08946029031147534 0.2463123909268291 0
0.1656933822241513 0.1545111227053422 0
0.02426805930977322 0.192250016533616 0
0.1762794417941411 0.128673711405612 0
0.150638422078822 0.05768140137994436 0
0.1829239961164134 0.2167505858413366 0
0.1864323593043858 0.04063309584134348 0
0.1378641189838996 0.121428176637964 0
0.1753964825769739 0.09195617670494158 0
0.2174242862921653 0.2220265825985293 0
0.2245968645539358 0.28456263135605 0
0.1903226477572533 0.3078306320734598 0
0.06185233427067728 0.1794024562529041 0
0.2258513500015744 0.0869261296295695 0
0.1341404329174905 0.1606558212727904 0
0.08206508161136637 0.2501767924623251 0
0.1591413160980695 0.1337636858416892 0
0.1449958425025281 0.1482461432128941 0
0.1073312489326119 0.1108164229958078 0
0.1692892719612978 0.1023601156217854 0
0.2254216621323283 0.04462072297842634 0
0.1066086696047372 0.3125559039754785 0
0.2077038991274762 0.3067107018090277 0
0.1138875877558272 0.1623245407750469 0
0.07093678259594696 0.1350891150375854 0
0.0749652774242794 0.246126168304905 0
0.02139445164875955 0.2793556785942001 0
0.2355471734356333 0.03249999999997218 0
0.05461208623689915 0.1840047510778361 0
0.1540369881016665 0.1270227546259197 0
0.16030063425621 0.1770820876756257 0
0.02797004461032693 0.1128278513647011 0
0.1531856162697601 0.3070210507886932 0
0.0713244891796798 0.3119159902843333 0
0.1163682656210145 0.1397071004086084 0
0.07222797384246897 0.1123979618053167 0
0.1769618613929505 0.1602912575994749 0
0.1379636729767363 0.2980614622297217 0
0.217284762306411 0.1421897915955314 0
0.2081765549667512 0.02549790869225424 0
0.1534480128981051 0.09341124584793914 0
0.1517230050921129 0.09855736810114396 0
0.2030274438169651 0.1572714173381292 0
0.1298329055165603 0.1087269068851619 0
0.2242826379251784 0.2266887923563332 0
0.1199128583981641 0.1937537630342981 0
0.1787699585970821 0.3138313080795558 0
0.1487225203449324 0.1011009019772106 0
0.2175295460637807 0.06563235136941797 0
0.1634171020807209 0.2276653786237617 0
0.1711541552826486 0.1512932790167951 0
0.1636075399646382 0.2357221626798133 0
0.05948124959693405 0.2560266963383407 0
0.1374818974314296 0.1263342450289453 0
0.06142765939273817 0.1964573077787781 0
0.08887585903620164 0.3133083267096327 0
0.1909173036682856 0.2997952049477756 0
0.1501910208160624 0.04240980607131883 0
0.06834040432754605 0.266288455258295 0
0.1759329130422291 0.2358878097947217 0
0.1890533152200828 0.2438972437863341 0
0.1540528927325019 0.1056059234596108 0
0.1381690732700896 0.1012180546942759 0
0.2100689823051892 0.1612705362775365 0
0.0635040750795642 0.1379248226302968 0
0.1397363770354797 0.1516480899863583 0
0.054208972175824 0.2011474075482376 0
0.1762991626488206 0.2434053597591107 0
0.09310774502190329 0.111050966126221 0
0.2265233809046821 0.1380921990869808 0
0.1257314144512863 0.2048789132802284 0
0.1135916250406288 0.1499590368030116 0
0.1458541036780268 0.1132176824736585 0
0.1247321353762497 0.299051914097122 0
0.1577854708128786 0.05267098381081802 0
0.1422804730282432 0.1156617313524314 0
0.06729446850805518 0.2508045614321693 0
0.07562105460919684 0.2797679199572176 0
0.1636347234478158 0.3138239725705788 0
0.06540666911259713 0.2880983955523992 0
0.2030064333422557 0.2514001185601595 0
0.2195597232111685 0.270124216237812 0
0.06688559391874997 0.2954457111188766 0
0.2357462724804817 0.2687877156093911 0
0.210756710851659 0.193488880816324 0
0.2178516011756589 0.1656757814284384 0
0.2172177826399538 0.05694983814423299 0
0.16569433485171 0.2571403992959455 0
0.1959038542430612 0.2478216121088657 0
0.1032551847499148 0.2235590377292087 0
0.1911822168874616 0.2924101089803878 0
0.2253373908197392 0.1699624386400828 0
0.1290150174020128 0.1575112488774981 0
0.03850033439419639 0.2193735075192017 0
0.05517337274879518 0.1125774864011185 0
0.2286146757289575 0.02541093997807837 0
0.02043374699711384 0.3040574459629082 0
0.1194259041516676 0.2089404628935309 0
0.1475289978860997 0.09889332709997026 0
0.1393211607105363 0.1577064077619881 0
0.09734334069617778 0.2177295473135784 0
0.05276253899400995 0.3134683410238351 0
0.1085814505204936 0.1664350789357085 0
0.1685790918311057 0.08350976668377941 0
0.07524838010572743 0.3054697220616751 0
0.1721768620781293 0.03390975665612309 0
0.05395280668027831 0.2092415058627501 0
0.2183618575459002 0.1894369477295902 0
0.03737087577509873 0.3045189841453378 0
0.1514727342448143 0.02781637014932711 0
0.1002844214068914 0.1765303726232386 0
0.1602126068620934 0.182808268902058 0
0.1188854549448503 0.2161577161348495 0
0.2192143730881711 0.262632024738528 0
0.08869774702265362 0.2067822525049263 0
0.1567737693138208 0.04402060548880933 0
0.02979381227354489 0.233871281101242 0
0.108227685607364 0.1519417614477954 0
0.08105626324499647 0.1834200272588138 0
0.1352585964546502 0.1075414385484976 0
0.198217852347174 0.2841764060023625 0
0.04618601026670804 0.2140431869575208 0
0.1370695218158229 0.1312907942554311 0
0.007227318036443056 0.3123105144845357 0
0.1124354264846379 0.2199720733968233 0
0.08797579260302812 0.1954934089681821 0
0.139024846860198 0.106255928266775 0
0.08804879796053719 0.1879819014575864 0
0.006593132683232312 0.1056600385051486 0
0.1733401665608622 0.1167672316006594 0
0.01876376780455039 0.1698349091989749 0
0.2258071478467448 0.1845148685773554 0
0.1837353467137641 0.2721322082413972 0
0.1756287267292473 0.2638119023767189 0
0.185363298042338 0.03316447915735557 0
0.1095155942136263 0.1719745377632949 0
0.02226299256088869 0.2663706367661797 0
0.01410174597654899 0.2813663454235639 0
0.09492038783822944 0.2095650857551047 0
0.1548437387091031 0.1129407755789033 0
0.108368876878724 0.1591335455835074 0
0.2366523698329132 0.02431552132893972 0
0.1756622288593938 0.1542307743438163 0
0.05889436008334451 0.1263006243410981 0
0.1579116381098015 0.1295219861848757 0
0.2293576888212493 0.314885116258282 0
0.2127666332175235 0.2589176668921712 0
0.1130347825017435 0.110125151923831 0
0.01406662331524427 0.2909159839318209 0
0.03987966236725607 0.2427016769387408 0
0.07781885288439425 0.1104038286751794 0
0.03918052323070126 0.2265161595112344 0
0.1449697584381041 0.1097009967961266 0
0.2108646041769305 0.3027870673404903 0
0.01376557625454401 0.3002695182473538 0
0.03872519516212921 0.2505480709955946 0
0.06087659386714434 0.1111666411634317 0
0.2293939932045779 0.2316630367756619 0
0.1780750365466478 0.1189356762371446 0
0.04902151441154943 0.1036438823016045 0
0.01482418793140369 0.1199773644289083 0
0.1106907368519991 0.3074656094373149 0
0.2375742415057256 0.2635303781522435 0
0.1538873630607779 0.08719215834486434 0
0.1233632613141707 0.1601452645983636 0
0.2235209354070083 0.05227856812734489 0
0.1546965677579066 0.1015340163230656 0
0.03597994925006865 0.1114454172323394 0
0.09751189808612901 0.1162026458226223 0
0.09568088070861394 0.1728325975812335 0
0.202731534957604 0.03202847615566382 0
0.2077411255055408 0.2476434438430149 0
0.1838590242479715 0.1504421381685248 0
0.2292069341721171 0.2383199220820024 0
0.1389126933002997 0.1178991064682894 0
0.2030959913098402 0.3080205244157173 0
0.1909677113246 0.2790724474028274 0
0.198855083659022 0.1053625460121004 0
0.2302664655329542 0.1441137278233987 0
0.1324862093852961 0.1335939211008011 0
0.2230965373166223 0.2934163283825282 0
0.0661132396419592 0.2721547345055821 0
0.1725444421293697 0.1113164413161232 0
0.1710797354013497 0.2668654443835036 0
0.1891251824694146 0.3143621167277511 0
0.1645825212295681 0.2629165756893155 0
0.2362663056069022 0.2522333918363102 0
0.1598306741546492 0.3088915558754103 0
0.1328632030722439 0.2930529099682099 0
0.2381394868977356 0.05183333333327342 0
0.229136171760794 0.1524854547764489 0
0.08895276839058687 0.1764116625309928 0
2 3 0 7
1533
1534
1535
1536
1537
1538
1539
0.1297178695915027 0.09384789250005993 0
0.1109794437144981 0.0939571585844374 0
0.08129964903770026 0.0943711159574607 0
0.1245830621328238 0.09534534956574912 0
0.00474647411236164 0.0945 0
0.07348227027428798 0.09462223140949053 0
0.1187784205008995 0.09455041802503109 0
2 4 0 117
1540
1541
1542
1543
1544
1545
1546
1547
1548
1549
1550
1551
1552
1553
1554
1555
1556
1557
1558
1559
1560
1561
1562
1563
1564
1565
1566
1567
1568
1569
1570
1571
1572
1573
1574
1575
1576
1577
1578
1579
1580
1581
1582
1583
1584
1585
1586
1587
1588
1589
1590
1591
1592
1593
1594
1595
1596
1597
1598
1599
1600
1601
1602
1603
1604
1605
1606
1607
1608
1609
1610
1611
1612
1613
1614
1615
1616
1617
1618
1619
1620
1621
1622
1623
1624
1625
1626
1627
1628
1629
1630
1631
1632
1633
1634
1635
1636
1637
1638
1639
1640
1641
1642
1643
1644
1645
1646
1647
1648
1649
1650
1651
1652
1653
1654
1655
1656
0.1320328582123921 0.05831897995418307 0
0.04277201036624525 0.08033647453801696 0
0.07240467219389325 0.08152957482566578 0
0.09476842942421976 0.02666784092641557 0
0.008582032026271905 0.04952900757269661 0
0.1012918049170286 0.08168581242821307 0
0.05480357142843585 0.02662932455911316 0
0.07466715607571101 0.02666373721954334 0
0.03487251327667046 0.02745521429763732 0
0.1144602445575737 0.02660800852707386 0
0.02463516266799511 0.08042756155034918 0
0.12043731431693 0.08052258618831468 0
0.1324223273751514 0.0409811421855978 0
0.007794228634079027 0.06749999999994186 0
0.01475648945612784 0.02616347936710748 0
0.1332313384370368 0.08368655804340681 0
0.1328238587813149 0.07617294864463489 0
0.1312253644697038 0.0683923732409453 0
0.1241245047977186 0.06240912273049373 0
0.1247918994512317 0.05364353920045981 0
0.1168969689377773 0.05756133386555747 0
0.1171296883096106 0.04916784090721078 0
0.1093583291956916 0.05289162443340439 0
0.1092489523965588 0.06130616918314596 0
0.1012157998212435 0.05696385888502288 0
0.1018440196031014 0.04839824261633214 0
0.09323180523226754 0.05234960339721598 0
0.09268312175137684 0.06093370422319989 0
0.08462329313460742 0.05652677743287191 0
0.08483191744266196 0.04782506111977131 0
0.07631302072054388 0.05188518635622801 0
0.07549273732839878 0.0603263926258437 0
0.06794542066170975 0.05614688983128821 0
0.06825359507472012 0.04645637652099009 0
0.05968848148698584 0.05104628189792696 0
0.05909411785749763 0.06094038480833076 0
0.05109257382389766 0.05565827576794458 0
0.05143219578260902 0.04595037634338185 0
0.04292334967766149 0.05055882944633232 0
0.04263715727510792 0.06017486873077654 0
0.03446862610705227 0.05513261687417328 0
0.03419517428854908 0.06467362182472963 0
0.02600945212972551 0.05974288977759724 0
0.02634863589951226 0.05018888649396973 0
0.04293874492617256 0.04133120048345502 0
0.02545602008043948 0.06966101752251949 0
0.03387129991707444 0.07418644996607318 0
0.01615892317926378 0.07354115694215624 0
0.1221944138355374 0.07112062784651289 0
0.01769210387205595 0.05464426827828213 0
0.01796713388575585 0.04514231720803971 0
0.02673715323166377 0.04104759437843923 0
0.00876948893537562 0.0405038369903539 0
0.01712882163006661 0.06393155542007062 0
0.1108412171765532 0.08167885509760911 0
0.1058593285590546 0.07418616171353673 0
0.09651392885308149 0.07418090761149143 0
0.02431899478632566 0.02647458018768958 0
0.1046574922893932 0.02657097323304893 0
0.1097772014050014 0.03572309345312347 0
0.1182550206886039 0.03351236910845388 0
0.1246462332075465 0.0271155222163331 0
0.09943605778660987 0.03478382009287929 0
0.08951641827645088 0.03452483074949928 0
0.05081523660576363 0.03550097499157789 0
0.09169168557143931 0.08178072179394216 0
0.08723569692005258 0.07405770176259595 0
0.08463917519078246 0.02653923749013805 0
0.07987297590772159 0.03432884356149971 0
0.06903938787462632 0.03594423175754709 0
0.08211081615606108 0.08175008247050433 0
0.07775322445835842 0.07387099404826739 0
0.06850430582738636 0.07363635084189574 0
0.06287804202045361 0.08161829193383849 0
0.05870714108828709 0.07167620102730765 0
0.05084756101851608 0.06531897441589896 0
0.04534444673661531 0.02651427400111363 0
0.1324809776986433 0.03227101684111249 0
0.01828414294657206 0.03488698549020952 0
0.04232664771336001 0.06977304886219478 0
0.05334421757680492 0.08126314519947275 0
0.008855532224533306 0.05869105134174432 0
0.03473863470949099 0.04566956912949025 0
0.06463643223943445 0.02639668465385861 0
0.05991944704122247 0.04133616901582712 0
0.007665354548393309 0.07656654870248944 0
0.03485026480777344 0.03706346645787366 0
0.1322512663346846 0.04961430732939545 0
0.008081144439398863 0.03148841147267602 0
0.1097923176614197 0.04456941287924482 0
0.1147669589557291 0.07390705084517911 0
0.10120074883755 0.06609709384460363 0
0.01402335926920759 0.08245756227758121 0
0.09388536950779222 0.04271334959228203 0
0.1249190162009517 0.04529102274480096 0
0.03375569459023414 0.08299009721088788 0
0.1164100506028918 0.06577058657322017 0
0.08343540991271947 0.06575389829993272 0
0.06697684447351228 0.06460901929122062 0
0.04959951555264267 0.07367356880857821 0
0.07685582065901311 0.0428528990739097 0
0.1272841599108971 0.08156479240900298 0
0.05977276377244462 0.03314281438694807 0
0.132764159687828 0.02471586173821187 0
0.1257658383710365 0.03672533275862829 0
0.02781261380980107 0.03338556816236986 0
0.006658089396483965 0.083532149116 0
0.04176424127059908 0.0335730260463315 0
0.006676745298317658 0.02437616698844525 0
0.1169023293829182 0.04144413935608966 0
0.1035642823980366 0.04107700235889004 0
0.08477308581541744 0.04003488681138621 0
0.13725 0.09625934476044834 0
0.07357519037738 0.06757023879005361 0
0.09189725819500762 0.06844194491312565 0
0.1267930222628766 0.07555466566588215 0
0.1104090877439008 0.0685013634539087 0
2 5 0 0
2 8 0 2
1657
1658
0.1755 0.3465 0
0.1755 0.3555 0
2 9 0 2
1659
1660
0.117 0.3465 0
0.117 0.3555 0
2 10 0 2
1661
1662
0.05400000000000001 0.3465 0
0.05399999999999999 0.3555 0
2 11 0 61
1663
1664
1665
1666
1667
1668
1669
1670
1671
1672
1673
1674
1675
1676
1677
1678
1679
1680
1681
1682
1683
1684
1685
1686
1687
1688
1689
1690
1691
1692
1693
1694
1695
1696
1697
1698
1699
1700
1701
1702
1703
1704
1705
1706
1707
1708
1709
1710
1711
1712
1713
1714
1715
1716
1717
1718
1719
1720
1721
1722
1723
0.2305001744221927 0.3243062038843638 0
0.2017756043254339 0.3258383827570032 0
0.2161923328044504 0.3268115632008514 0
0.1868550503183553 0.326001938718655 0
0.1712748683874787 0.3265746400238043 0
0.1558889242447979 0.3252603434205315 0
0.1228529509903072 0.326797005421038 0
0.1053314669521963 0.3268167332691119 0
0.006669132164418447 0.3304215620601887 0
0.08775132008771594 0.3271305937861255 0
0.1401378763536326 0.3265700032850415 0
0.07199999999996681 0.3342057713659608 0
0.05504669321952682 0.3344722587744131 0
0.03425947245557519 0.3276701213621823 0
0.2288822143536016 0.3342139481574338 0
0.1934999999999489 0.3342057713659696 0
0.2361624215584733 0.3243727360399411 0
0.2119006279826809 0.3342192941052192 0
0.09982815426094334 0.3345465975970655 0
0.06196762032317382 0.3273709300691241 0
0.02637067853547935 0.3344529797948465 0
0.2202725772870017 0.3344695795028837 0
0.1176842051868248 0.3345046293479612 0
0.1664623496735182 0.3343329654179961 0
0.1753725667439859 0.3342219015601746 0
0.202859389767688 0.3344132651450805 0
0.1839964377618021 0.3340835388740039 0
0.1453905267532084 0.3342772784849433 0
0.2236602885812795 0.3275726715537979 0
0.0444536173407485 0.3338113230204945 0
0.2336205348430166 0.3294909971633628 0
0.07905781904493736 0.3270036780701358 0
0.1637492296536873 0.3262411963548568 0
0.179333490371456 0.3266470031961063 0
0.1943628424572955 0.3259063131050355 0
0.1315353203392229 0.3265935857331263 0
0.208486171915842 0.3267137508680257 0
0.01526712782468919 0.3340794396132429 0
0.1360356205743289 0.334375136373353 0
0.1264499999999886 0.3348099507370069 0
0.1139121972317746 0.327022063150791 0
0.1087926706052855 0.3344816705608216 0
0.09636430975466873 0.3271114929633203 0
0.1478474405439273 0.3261100853584346 0
0.09021448459418663 0.3350427917647903 0
0.1560059664152021 0.3334778661354068 0
0.08121794841236801 0.3350443081946698 0
0.07102756287823035 0.3255160759010441 0
0.06300286270852924 0.3360097920418996 0
0.05173874313936658 0.3267764094954252 0
0.04346614657303026 0.3254515707756204 0
0.2364820404336334 0.3355193890708987 0
0.01346661914874461 0.3253977216628905 0
0.03487675366634529 0.3359868848355047 0
0.240549900635028 0.3232500000000077 0
0.02303837519450447 0.326766710405527 0
0.006001735606075202 0.3243638567446072 0
0.006367251997817035 0.336600200334682 0
0.1981244591375915 0.3300909330932722 0
0.2291658030500226 0.3288959551897396 0
0.2390762097669319 0.3298684627784264 0
2 16 0 251
1724
1725
1726
1727
1728
1729
1730
1731
1732
1733
1734
1735
1736
1737
1738
1739
1740
1741
1742
1743
1744
1745
1746
1747
1748
1749
1750
1751
1752
1753
1754
1755
1756
1757
1758
1759
1760
1761
1762
1763
1764
1765
1766
1767
1768
1769
1770
1771
1772
1773
1774
1775
1776
1777
1778
1779
1780
1781
1782
1783
1784
1785
1786
1787
1788
1789
1790
1791
1792
1793
1794
1795
1796
1797
1798
1799
1800
1801
1802
1803
1804
1805
1806
1807
1808
1809
1810
1811
1812
1813
1814
1815
1816
1817
1818
1819
1820
1821
1822
1823
1824
1825
1826
1827
1828
1829
1830
1831
1832
1833
1834
1835
1836
1837
1838
1839
1840
1841
1842
1843
1844
1845
1846
1847
1848
1849
1850
1851
1852
1853
1854
1855
1856
1857
1858
1859
1860
1861
1862
1863
1864
1865
1866
1867
1868
1869
1870
1871
1872
1873
1874
1875
1876
1877
1878
1879
1880
1881
1882
1883
1884
1885
1886
1887
1888
1889
1890
1891
1892
1893
1894
1895
1896
1897
1898
1899
1900
1901
1902
1903
1904
1905
1906
1907
1908
1909
1910
1911
1912
1913
1914
1915
1916
1917
1918
1919
1920
1921
1922
1923
1924
1925
1926
1927
1928
1929
1930
1931
1932
1933
1934
1935
1936
1937
1938
1939
1940
1941
1942
1943
1944
1945
1946
1947
1948
1949
1950
1951
1952
1953
1954
1955
1956
1957
1958
1959
1960
1961
1962
1963
1964
1965
1966
1967
1968
1969
1970
1971
1972
1973
1974
0.08261999999979303 0.4235822330752425 0
0.1504281081038797 0.42368220740474 0
0.1990604595663193 0.4237962433350719 0
0.05399999386327611 0.3677990035196791 0
0.1754627847005024 0.3678263970648334 0
0.1169999938632761 0.3677990035196791 0
0.2350626809783119 0.3869359276139911 0
0.1080130413795527 0.3677843742988136 0
0.008478289039630958 0.3967565891992133 0
0.126052522060065 0.3682251901373644 0
0.1215077477573671 0.3757473772699605 0
0.04375009725778276 0.4238175609398825 0
0.1306227421312377 0.3757786226744109 0
0.1845811963723238 0.3677936247688399 0
0.1800036426909234 0.3757025534485963 0
0.06306907409098825 0.3678126967957325 0
0.05851050642918806 0.3756786283796882 0
0.06765112384741959 0.3756862444017739 0
0.1120487034035648 0.4237653415549683 0
0.06304591663199682 0.383626952532173 0
0.07222615662555405 0.383623422548301 0
0.05385320647366662 0.3835852747646337 0
0.1891453272108947 0.3757061217428644 0
0.1708551304911286 0.375678291361673 0
0.1754078654197335 0.3836387127529602 0
0.1662003014536115 0.3835889323109734 0
0.1260474224783172 0.3836524413748921 0
0.2119972051551545 0.3499351401984359 0
0.008469338958109807 0.3770090070421711 0
0.1707687892085777 0.3916216041510941 0
0.1800440757601697 0.3916628756117091 0
0.1168718946774681 0.3836118959193164 0
0.1608174715214858 0.3915590798412727 0
0.1310926928355462 0.4236607940082756 0
0.06406813278499515 0.4225956914824059 0
0.2344559579357871 0.4069852595822138 0
0.04494584426874428 0.3677899053882889 0
0.1626224030406279 0.3756204747152743 0
0.1214338963289913 0.3916210446528983 0
0.112251440553039 0.3915284300642111 0
0.07682253843024051 0.3756662018983068 0
0.1306898619818377 0.3916348814672184 0
0.08141520804127854 0.3836016463112914 0
0.07682849214268936 0.3916236805834984 0
0.0583884201785486 0.3916238377948761 0
0.04907746883119828 0.3915905928579526 0
0.02429999999995359 0.4235822330752352 0
0.02474999999994836 0.3505736514974531 0
0.1753709865360413 0.3997262277478189 0
0.1351866096058916 0.3682475871116991 0
0.08982795118110315 0.3501312266206472 0
0.2344690750560796 0.3671314583221744 0
0.1846828555148259 0.3997299302899458 0
0.08610192842729016 0.3916006767245261 0
0.1937382498432093 0.3677296303480909 0
0.1983901708359926 0.3757096760950952 0
0.05370242055694072 0.399543986711686 0
0.04432053539231141 0.39949650282933 0
0.0396455982110162 0.3914450364027732 0
0.03483022684499658 0.3994495067335771 0
0.2178060773043339 0.4239020575117166 0
0.02957154614296019 0.3914536239746816 0
0.1260516264766649 0.3996172822849759 0
0.1353860560314174 0.3996172524707441 0
0.1800053004640341 0.4078473967873596 0
0.1705841146377477 0.4078396134507486 0
0.08597774229666995 0.3756254732868965 0
0.08148048122706121 0.3996905461225024 0
0.09082397664309672 0.3996540503197422 0
0.1398196537690456 0.3757587242424641 0
0.1447627747472636 0.3675807398083653 0
0.06802549444579846 0.3596995036009223 0
0.2031610183624714 0.3674741787694609 0
0.2077349932060868 0.3756997398625179 0
0.2031107328388753 0.3838034985526133 0
0.2123146478611722 0.3668558727633028 0
0.2124975998784688 0.3838589091997522 0
0.2078199602043314 0.3920790966989726 0
0.1570237134559581 0.3503569331728256 0
0.08139031775502713 0.3677277128709087 0
0.1078238389567869 0.3834428949946607 0
0.1399820310989223 0.3916089863810976 0
0.144969642754228 0.3996470195471592 0
0.07217967046959423 0.3996959368568485 0
0.2168037516628457 0.3917996570500782 0
0.2119959562005105 0.4001104630878289 0
0.03511108607604933 0.3833486824576536 0
0.2029676445323709 0.4002173558071624 0
0.09039624911332884 0.3673167167639575 0
0.1401082223867801 0.4076431734891569 0
0.1934999999999489 0.3497942286340305 0
0.150283318173738 0.4075496428490145 0
0.04131397215143953 0.3581345793321445 0
0.229215525711735 0.3490458600463289 0
0.1893016402133042 0.4077464507214353 0
0.03581383718166858 0.3676529257818152 0
0.1034981691599686 0.3601897227580474 0
0.02473303989310924 0.399886370848357 0
0.2076825643515089 0.4085112473702515 0
0.0254713035794722 0.3830415135581376 0
0.1392053495098367 0.3590159211769889 0
0.008364574063988061 0.3570620074868902 0
0.07681400990136933 0.4076774194254613 0
0.06796258507309944 0.4073939350201335 0
0.009223157336735503 0.4168014703011048 0
0.04897904090553991 0.408074328975116 0
0.03125691443911868 0.4076296536985807 0
0.2176577774515687 0.407630433525055 0
0.189237521019699 0.3916745936279958 0
0.17527505565262 0.4159452162941761 0
0.1656383538666205 0.415932398771391 0
0.09505470053583592 0.3755316034181621 0
0.09510381757393299 0.3914088669837102 0
0.09979036865181184 0.3994279334507377 0
0.09547718780951414 0.4077483225791242 0
0.1047209274167258 0.4075901309395087 0
0.09962891596619659 0.4159514641946965 0
0.02253385574939928 0.4087680191984552 0
0.1490600605983725 0.3756586302862779 0
0.1537186890036618 0.3674734632293475 0
0.2213073724173152 0.382851520201734 0
0.1504487733755932 0.3915642803701821 0
0.07302879255091797 0.4165071256616225 0
0.07199999999996683 0.3497942286340393 0
0.1606996591037962 0.4076553811377489 0
0.1984253713396837 0.3591219767164567 0
0.1296681621666531 0.3551935825747064 0
0.08580611570882843 0.3594141777218575 0
0.03123197448536676 0.3592540088290778 0
0.025701136031189 0.3671493976766202 0
0.08996526320056145 0.4158480537064728 0
0.03534904353730241 0.3508996289088981 0
0.07674924183124171 0.3593385257981145 0
0.08103259427897547 0.3510330754582315 0
0.2350903574604435 0.3769988306553219 0
0.2260535483183651 0.3730242156673239 0
0.2259281055550207 0.3623969173667191 0
0.1461631951161125 0.3503715189057195 0
0.008411646393624881 0.3869694726388033 0
0.01848792857952767 0.3915157999219442 0
0.008048786865407134 0.4066049653995905 0
0.008545553835072984 0.3670032609433785 0
0.01647357371776641 0.3619190250143949 0
0.01652491137662649 0.3718191300542816 0
0.2346303346975862 0.3969505240100567 0
0.2264869397651841 0.4023728697918684 0
0.1405902073815083 0.4237216496217283 0
0.1215315666256673 0.423600458075203 0
0.117141257300983 0.4153633851570113 0
0.1261923407737704 0.4154983534702877 0
0.05353638761684833 0.4236349222593996 0
0.05701156063850339 0.4153231183008386 0
0.09559978038438949 0.3577501813551642 0
0.1895364850638238 0.3595575920402102 0
0.2027884157597329 0.3505886333077269 0
0.2076949622536774 0.3584466319366609 0
0.2175569573587561 0.3583939854626048 0
0.1895779173408468 0.4238651289518809 0
0.2083771682595735 0.4238975042042387 0
0.03402168287624438 0.423856215444191 0
0.03899928260030569 0.4150883827933244 0
0.2347140768133307 0.4169530340255592 0
0.09045822612740045 0.3834741654966466 0
0.07228463173345262 0.3676551475609598 0
0.1555709732811588 0.3822131452474223 0
0.1555527470772449 0.3995962306818659 0
0.04460422858175843 0.3835016125000763 0
0.103973078482412 0.3511606880327508 0
0.1352479444132917 0.3836491658217344 0
0.1669778246234792 0.3680428587069727 0
0.1612062122191088 0.3603932217910477 0
0.1553250974176829 0.4154924294393035 0
0.144488500706123 0.3835814865586785 0
0.1845661419481348 0.3836419393487166 0
0.1168703811544981 0.3995449455920117 0
0.1657652440676192 0.3996479630762514 0
0.0860186636202362 0.4076082032799394 0
0.06760244004427447 0.3916372555162895 0
0.1125048162307207 0.3756376285035039 0
0.150591430309637 0.3590133914477749 0
0.2166471668769882 0.3749095028417628 0
0.1602960684045958 0.4237801736903013 0
0.04946059281372357 0.3756053588956851 0
0.06304435081507523 0.3994467679615079 0
0.1937817315299192 0.3836243480791548 0
0.1359877009039107 0.3494990785252436 0
0.23424669426339 0.3571021849360367 0
0.1985804796864556 0.3918694911623635 0
0.2268867722925926 0.4123220534883852 0
0.09939572022049145 0.367335470602123 0
0.121685476985087 0.4073983593571174 0
0.1940936004604178 0.4157902392009821 0
0.1847160382881914 0.4158044120734701 0
0.1799440564523744 0.4239283847247219 0
0.1938339645976217 0.399845353292216 0
0.1704553274329027 0.4239555510288046 0
0.0156305884061833 0.3512077254894003 0
0.1307474181505117 0.4074701542232906 0
0.1038123807498732 0.3754402250185934 0
0.01493076681353241 0.4241299028894573 0
0.04017246318810894 0.3755361739409468 0
0.2275893906790999 0.4229272905767902 0
0.1355902763605227 0.4155770595529273 0
0.2263597985933545 0.3917687362379554 0
0.1452227492557333 0.4155702286152917 0
0.01668995294655317 0.3813167180889557 0
0.09922245784800893 0.3832325090449392 0
0.03109919020670946 0.375318558622162 0
0.1984722896966147 0.4079960346302002 0
0.1020599999997343 0.4246124949685811 0
0.2204999999999988 0.3489729003714143 0
0.09263848026988136 0.4244210425492871 0
0.0816893458545756 0.4142446070297477 0
0.07310338506707056 0.4253370100438542 0
0.1037942620690595 0.3911738245248244 0
0.04845527380379602 0.4171876626537122 0
0.05888994813761354 0.407090919665122 0
0.2031620014777086 0.4159182028343333 0
0.03967720003645445 0.4059476750059857 0
0.1084306497559415 0.3993738786882768 0
0.02889357877870541 0.4162986229640867 0
0.2124821486625023 0.4158211629894896 0
0.01900985143180637 0.4168666609536421 0
0.1130861857935339 0.4070880023679029 0
0.01607660833993105 0.4025252436435123 0
0.1081143316467897 0.415728469863778 0
0.1647909796686592 0.3533062859283783 0
0.06477464714996191 0.3532532222304066 0
0.2197785864473349 0.3671305732590866 0
0.1864668745412395 0.353102615533965 0
0.00715365326711667 0.4248349811164266 0
0.2357130174686582 0.4246409729795437 0
0.2254894565777801 0.3551823696366208 0
0.007310848109314977 0.3493372396282259 0
0.0236998247429494 0.358088663353397 0
0.09691464188814651 0.3485902465668614 0
0.02343187276154726 0.3757633921925775 0
0.2200002134637691 0.416169276426879 0
0.04254126026010664 0.3487096137138722 0
0.1281894986309411 0.3484134484940472 0
0.1305673840235828 0.3624261542247779 0
0.2366513880466397 0.3485631428968144 0
0.2291190182413059 0.3819261643595864 0
0.06528575715753117 0.4145217004858799 0
0.01474967993547192 0.4106865420119046 0
0.2194129165065904 0.3988449647854205 0
0.1659218422160939 0.3468208673001416 0
0.1599735403271394 0.3692381870083617 0
0.06385893656271624 0.3472847328601266 0
0.1557826854242846 0.3739811976738071 0
0.1853435312881094 0.3472343445153495 0
2 17 0 0
2 18 0 39
1975
1976
1977
1978
1979
1980
1981
1982
1983
1984
1985
1986
1987
1988
1989
1990
1991
1992
1993
1994
1995
1996
1997
1998
1999
2000
2001
2002
2003
2004
2005
2006
2007
2008
2009
2010
2011
2012
2013
0.2427841168914967 0.2896034206246263 0
0.247537046712585 0.3036015890076897 0
0.2487067388155163 0.2952301856737969 0
0.2495340555067749 0.2742317370058097 0
0.2411489275005007 0.2834778561166935 0
0.2462133223358704 0.2838980704170203 0
0.2484696030769326 0.3118865183808391 0
0.2497440244491024 0.03114861751152064 0
0.2497081711437071 0.04216666666662318 0
0.2496417508440238 0.2650135332285833 0
0.2497173688713611 0.05188261648743012 0
0.2497274566323437 0.06159692353642979 0
0.2497258464941593 0.07129124352846332 0
0.2497223298853004 0.08098223234433169 0
0.2497185387105166 0.09067266596417481 0
0.2497147449539324 0.1003630070513486 0
0.2497109939462357 0.1100533327164112 0
0.2497072932425408 0.1197436558111225 0
0.2497036441020331 0.1294339784774394 0
0.2497000467345776 0.139124301072358 0
0.249696501175152 0.1488146236553855 0
0.2496930074295869 0.1585049462364406 0
0.2496895654988541 0.168195268817168 0
0.2496861753831154 0.1778855913978369 0
0.2496828370823965 0.1875759139784915 0
0.2496795505967002 0.1972662365591377 0
0.2496763159260281 0.2069565591397807 0
0.249673133070381 0.2166468817204298 0
0.2496700020297591 0.2263372043010836 0
0.249666922804162 0.2360275268817346 0
0.2496638953935883 0.245717849462381 0
0.2497176077062687 0.2554937609144695 0
0.2528049007692358 0.3151651779823104 0
0.2489023204852465 0.2890155136965219 0
0.2494838966284755 0.2804738810052789 0
0.2521598606355898 0.02334765196401886 0
0.2469646821515029 0.02324111593287172 0
0.2427452076865612 0.2965628358117298 0
0.251839351519215 0.28475432370667 0
2 19 0 35
2014
2015
2016
2017
2018
2019
2020
2021
2022
2023
2024
2025
2026
2027
2028
2029
2030
2031
2032
2033
2034
2035
2036
2037
2038
2039
2040
2041
2042
2043
2044
2045
2046
2047
2048
0.1413483194277422 0.01542476970579245 0
0.1467885278842028 0.01293061979044328 0
0.1343489334536458 0.007876471052176197 0
0.1414063819640401 0.01057413751981293 0
0.2463750000000054 0.01215432852445505 0
0.1529134615382035 0.008183646017429675 0
0.137227869826224 0.01397507565555632 0
0.1241115264128589 0.008779921751550167 0
0.114139143182586 0.008863206921863282 0
0.0137922001292158 0.008542867213655513 0
0.03469291468768095 0.008932214252052467 0
0.2380499999999877 0.01124500185046637 0
0.04459282765352059 0.008899426392663119 0
0.06421143811744798 0.008649721777419257 0
0.08385576923057399 0.008543673695001891 0
0.1622649736480266 0.008241856511624139 0
0.1039156031259523 0.008799011605341616 0
0.0246339289903373 0.008731857308585333 0
0.07399038461521859 0.008543673695001936 0
0.09398403307735884 0.00879136930575569 0
0.2288835885078028 0.009719096638045138 0
0.2113504429422823 0.008526667659208099 0
0.2018787256051638 0.008479358752660116 0
0.05448843989947409 0.008924858028347062 0
0.192027416570635 0.008475588938121028 0
0.1821596390638818 0.008473760181940387 0
0.1722688528724787 0.00846724185980448 0
0.2201127231903517 0.009040960716208871 0
0.006832539116416982 0.01106695680136796 0
0.1465386614284826 0.007409486224925219 0
0.2433144828225406 0.005934621824001042 0
0.2500623643303875 0.00646146205347104 0
0.2518374728660807 0.01272315811558962 0
0.005527249687538791 0.005123451430096605 0
0.1416780261383526 0.00517201895938287 0
2 20 0 2
2049
2050
0.2385722061871212 0.3150373722915355 0
0.2365536251672772 0.3172723658515151 0
$EndNodes
$Elements
14 3951 1 3951
2 1 2 163
1 341 38 417 
2 401 328 403 
3 327 328 401 
4 400 327 401 
5 326 327 400 
6 397 326 400 
7 325 326 397 
8 324 325 396 
9 396 325 397 
10 323 324 390 
11 390 324 396 
12 322 323 394 
13 323 390 394 
14 321 322 389 
15 389 322 394 
16 320 321 395 
17 321 389 395 
18 319 320 388 
19 388 320 395 
20 318 319 392 
21 319 388 392 
22 317 318 387 
23 387 318 392 
24 316 317 391 
25 317 387 391 
26 315 316 386 
27 310 311 402 
28 386 316 391 
29 314 315 398 
30 315 386 398 
31 313 314 385 
32 385 314 398 
33 312 313 399 
34 311 312 384 
35 313 385 399 
36 384 312 399 
37 306 307 380 
38 305 306 393 
39 304 305 379 
40 306 380 393 
41 379 305 393 
42 380 307 381 
43 311 384 402 
44 276 382 383 
45 277 276 383 
46 275 381 382 
47 276 275 382 
48 301 415 416 
49 302 301 416 
50 275 274 381 
51 27 302 406 
52 274 380 381 
53 381 308 382 
54 307 308 381 
55 301 413 415 
56 340 404 405 
57 383 310 402 
58 301 300 413 
59 340 341 404 
60 382 309 383 
61 340 405 406 
62 308 309 382 
63 339 340 406 
64 309 310 383 
65 303 36 414 
66 277 383 402 
67 36 304 414 
68 283 282 386 
69 284 283 391 
70 287 286 388 
71 285 284 387 
72 293 292 397 
73 273 272 393 
74 290 289 394 
75 289 288 389 
76 288 287 395 
77 291 290 390 
78 281 280 385 
79 292 291 396 
80 286 285 392 
81 280 279 399 
82 274 273 380 
83 272 271 379 
84 279 278 384 
85 282 281 398 
86 294 293 400 
87 35 294 401 
88 283 386 391 
89 387 284 391 
90 386 282 398 
91 287 388 395 
92 388 286 392 
93 285 387 392 
94 292 396 397 
95 380 273 393 
96 390 290 394 
97 389 288 395 
98 289 389 394 
99 272 379 393 
100 291 390 396 
101 385 280 399 
102 279 384 399 
103 281 385 398 
104 293 397 400 
105 294 400 401 
106 300 299 412 
107 372 19 417 
108 300 412 413 
109 278 277 402 
110 19 256 417 
111 384 278 402 
112 299 298 411 
113 35 401 403 
114 379 271 420 
115 299 411 412 
116 256 255 404 
117 414 379 420 
118 304 379 414 
119 298 297 410 
120 255 27 405 
121 329 330 418 
122 298 410 411 
123 297 296 409 
124 403 329 418 
125 295 35 407 
126 404 341 417 
127 296 295 408 
128 404 255 405 
129 330 331 407 
130 331 332 408 
131 297 409 410 
132 332 333 409 
133 407 331 408 
134 271 34 420 
135 338 339 416 
136 408 332 409 
137 405 27 406 
138 328 37 419 
139 333 334 410 
140 403 328 419 
141 296 408 409 
142 334 335 411 
143 409 333 410 
144 335 336 412 
145 410 334 411 
146 336 337 413 
147 295 407 408 
148 337 338 415 
149 411 335 412 
150 412 336 413 
151 413 337 415 
152 37 329 419 
153 406 302 416 
154 34 303 420 
155 329 403 419 
156 339 406 416 
157 35 403 418 
158 256 404 417 
159 415 338 416 
160 407 35 418 
161 330 407 418 
162 303 414 420 
163 38 372 417 
2 2 2 2348
164 530 469 1144 
165 461 459 1473 
166 987 11 1403 
167 1127 530 1144 
168 15 444 1017 
169 1168 461 1473 
170 896 1114 1484 
171 896 960 1114 
172 821 997 1402 
173 1024 428 1035 
174 967 1143 1244 
175 855 1016 1043 
176 1034 853 1102 
177 15 179 440 
178 985 1014 1296 
179 1262 985 1296 
180 737 1190 1198 
181 431 1014 1471 
182 1190 737 1306 
183 446 1018 1163 
184 615 680 1104 
185 1014 431 1296 
186 1235 1279 1375 
187 1091 970 1312 
188 14 127 433 
189 1070 436 1097 
190 948 1204 1359 
191 672 1026 1083 
192 1071 1070 1097 
193 880 1065 1107 
194 1137 742 1275 
195 997 821 1480 
196 695 1101 1360 
197 1103 1034 1456 
198 1013 442 1137 
199 166 167 1046 
200 1016 855 1087 
201 1308 667 1487 
202 630 1211 1310 
203 1161 1227 1405 
204 1065 880 1357 
205 970 1091 1339 
206 1330 683 1472 
207 1100 1099 1444 
208 885 1099 1100 
209 1066 1067 1135 
210 873 1019 1521 
211 1379 1217 1410 
212 172 672 1083 
213 985 1262 1280 
214 1155 436 1305 
215 1262 442 1280 
216 1035 670 1258 
217 1013 1137 1275 
218 1091 745 1339 
219 1003 1196 1376 
220 1055 754 1067 
221 849 1066 1135 
222 1211 1038 1310 
223 1018 446 1162 
224 442 1013 1280 
225 1040 426 1232 
226 1071 1097 1410 
227 667 1044 1487 
228 6 79 1450 
229 430 1016 1087 
230 1056 437 1057 
231 683 1122 1472 
232 135 6 1450 
233 181 745 1020 
234 1065 951 1107 
235 1022 429 1046 
236 1101 922 1360 
237 694 1030 1031 
238 1406 1062 1440 
239 469 467 1144 
240 1019 873 1351 
241 1085 439 1354 
242 1026 672 1385 
243 1090 874 1521 
244 853 1034 1103 
245 982 983 1423 
246 1046 683 1432 
247 167 683 1046 
248 428 1024 1093 
249 1202 897 1501 
250 1420 982 1423 
251 1120 1121 1213 
252 907 874 1090 
253 429 1022 1531 
254 436 1070 1305 
255 1126 530 1127 
256 683 1330 1432 
257 1097 733 1410 
258 1227 958 1405 
259 1019 1020 1521 
260 1067 754 1108 
261 897 1275 1501 
262 1220 903 1367 
263 1085 957 1162 
264 903 1220 1477 
265 1030 694 1032 
266 1023 1379 1410 
267 1155 930 1156 
268 1165 1166 1338 
269 1092 1091 1312 
270 849 799 1320 
271 1028 885 1329 
272 1060 706 1235 
273 1036 585 1344 
274 1138 900 1274 
275 1126 1037 1269 
276 1032 813 1361 
277 1064 1352 1397 
278 957 1018 1162 
279 434 1064 1098 
280 1148 676 1340 
281 530 1126 1269 
282 1166 1332 1343 
283 423 1051 1277 
284 980 1397 1431 
285 1332 937 1343 
286 1244 1143 1378 
287 429 166 1046 
288 11 12 1403 
289 438 1028 1329 
290 1034 1102 1446 
291 1146 1395 1407 
292 1143 967 1373 
293 981 980 1431 
294 1066 849 1320 
295 989 990 1441 
296 990 1430 1441 
297 15 440 444 
298 1279 1027 1375 
299 1020 745 1090 
300 1035 428 1396 
301 1395 759 1407 
302 1166 931 1338 
303 980 1064 1397 
304 1103 134 1450 
305 754 1055 1292 
306 984 1109 1466 
307 1109 984 1455 
308 625 1178 1250 
309 1055 1053 1292 
310 885 1100 1329 
311 171 172 1083 
312 957 1085 1354 
313 1105 792 1106 
314 930 1155 1305 
315 819 1406 1440 
316 813 1032 1368 
317 811 1120 1213 
318 1042 701 1243 
319 1159 937 1332 
320 850 821 1402 
321 900 1138 1238 
322 1033 128 1124 
323 1028 438 1200 
324 134 135 1450 
325 1267 1411 1438 
326 739 666 1117 
327 1273 1285 1313 
328 1148 941 1150 
329 1022 1021 1531 
330 1037 688 1269 
331 1156 930 1157 
332 1232 426 1233 
333 937 1159 1324 
334 1398 1103 1456 
335 688 1037 1138 
336 1057 437 1442 
337 606 11 987 
338 1176 982 1420 
339 1038 696 1310 
340 1411 978 1438 
341 855 1043 1044 
342 170 171 1321 
343 696 1038 1273 
344 992 1422 1454 
345 1027 859 1375 
346 1107 951 1344 
347 947 948 1359 
348 1016 430 1527 
349 982 1176 1418 
350 1267 1179 1386 
351 1080 860 1081 
352 701 1042 1319 
353 710 860 1080 
354 989 1441 1479 
355 1196 1003 1497 
356 437 1056 1069 
357 1261 1430 1465 
358 915 913 1157 
359 1196 662 1376 
360 1204 948 1509 
361 941 1148 1340 
362 1008 1263 1364 
363 973 999 1000 
364 1104 680 1413 
365 670 1035 1396 
366 688 1138 1274 
367 651 615 1104 
368 1441 1112 1479 
369 1051 423 1318 
370 1213 1121 1214 
371 1150 941 1249 
372 721 673 1222 
373 1135 690 1276 
374 696 1273 1313 
375 426 1040 1387 
376 1029 1028 1200 
377 657 1050 1161 
378 585 1036 1499 
379 1263 852 1364 
380 1434 1218 1462 
381 1098 1064 1516 
382 1246 692 1346 
383 1052 740 1349 
384 641 1434 1462 
385 171 1083 1321 
386 900 1238 1240 
387 864 973 1058 
388 1430 990 1465 
389 1084 519 1182 
390 951 1036 1344 
391 930 915 1157 
392 1063 1072 1272 
393 801 1115 1116 
394 1050 657 1160 
395 909 1243 1316 
396 1136 1063 1272 
397 1251 1252 1403 
398 633 740 1099 
399 1235 706 1279 
400 1095 721 1222 
401 1090 745 1091 
402 180 181 1020 
403 856 1235 1375 
404 483 492 1068 
405 1400 998 1408 
406 1121 899 1304 
407 427 1194 1197 
408 801 1116 1249 
409 151 11 606 
410 1057 1174 1291 
411 1106 792 1493 
412 512 519 1084 
413 1029 1200 1345 
414 506 1400 1408 
415 500 498 1072 
416 1094 1096 1184 
417 444 939 1017 
418 850 1402 1507 
419 227 1041 1525 
420 1053 488 1292 
421 1393 818 1417 
422 859 1027 1412 
423 509 772 1061 
424 1422 731 1454 
425 585 554 1344 
426 1335 695 1360 
427 1121 732 1214 
428 1061 772 1062 
429 1042 916 1211 
430 732 1121 1304 
431 507 500 1072 
432 486 488 1053 
433 633 1099 1152 
434 489 1267 1386 
435 1258 670 1445 
436 801 739 1117 
437 638 634 1152 
438 1172 1353 1369 
439 1033 1124 1504 
440 1065 1357 1485 
441 625 1250 1449 
442 942 1202 1298 
443 1243 701 1316 
444 740 631 1349 
445 695 1335 1349 
446 1129 1074 1170 
447 1044 667 1421 
448 540 550 1276 
449 678 706 1077 
450 880 1084 1357 
451 1199 1490 1496 
452 1161 1050 1227 
453 1086 1006 1325 
454 1128 1129 1170 
455 973 972 999 
456 1154 1228 1323 
457 1198 1199 1496 
458 481 483 1068 
459 1117 1246 1346 
460 813 1164 1361 
461 615 614 680 
462 1041 227 1387 
463 673 719 1222 
464 1249 1116 1390 
465 993 1124 1329 
466 523 527 529 
467 764 1128 1170 
468 694 1031 1380 
469 497 499 1108 
470 1058 973 1348 
471 864 972 973 
472 1117 666 1246 
473 626 608 1161 
474 1082 860 1263 
475 176 1015 1527 
476 721 1095 1229 
477 1096 1222 1223 
478 755 1199 1457 
479 439 1156 1157 
480 754 497 1108 
481 1285 1273 1300 
482 217 428 1362 
483 1353 578 1369 
484 423 150 1318 
485 1150 1249 1390 
486 669 859 1079 
487 676 1068 1340 
488 870 864 1058 
489 714 1092 1312 
490 577 576 614 
491 491 493 494 
492 862 863 864 
493 714 1098 1516 
494 756 1073 1205 
495 439 1157 1354 
496 855 854 1087 
497 1089 825 1451 
498 425 1165 1338 
499 488 490 491 
500 446 1163 1164 
501 1019 180 1020 
502 1015 1016 1527 
503 690 1135 1452 
504 1213 1214 1215 
505 679 535 1113 
506 529 527 547 
507 589 1009 1101 
508 608 657 1161 
509 423 1277 1488 
510 733 164 1078 
511 1062 1063 1440 
512 195 425 1336 
513 1000 999 1105 
514 1000 1105 1106 
515 519 511 522 
516 486 487 488 
517 634 633 1152 
518 825 1089 1476 
519 501 1081 1136 
520 1228 871 1323 
521 1030 1032 1361 
522 512 511 519 
523 1382 1388 1439 
524 1034 1002 1456 
525 1219 1191 1220 
526 690 540 1276 
527 681 1390 1392 
528 799 888 1320 
529 730 638 1152 
530 897 1202 1372 
531 491 494 495 
532 510 509 511 
533 548 547 576 
534 511 509 1061 
535 1160 657 1289 
536 656 607 1257 
537 598 669 1079 
538 1047 1393 1417 
539 535 537 1113 
540 1363 714 1516 
541 483 485 486 
542 177 1017 1424 
543 862 864 870 
544 862 870 1234 
545 439 159 1156 
546 501 1080 1081 
547 163 733 1097 
548 1134 849 1135 
549 1124 438 1329 
550 880 516 1084 
551 1135 1067 1452 
552 1047 746 1393 
553 676 481 1068 
554 519 522 523 
555 508 507 509 
556 1229 1185 1255 
557 680 614 1045 
558 425 1110 1336 
559 857 861 862 
560 1119 1266 1297 
561 1072 498 1272 
562 853 80 1102 
563 1086 1325 1500 
564 889 1160 1289 
565 738 849 1134 
566 1238 756 1240 
567 1094 1184 1502 
568 695 599 1101 
569 592 609 1088 
570 706 1060 1520 
571 516 512 1084 
572 550 1133 1276 
573 714 230 1098 
574 870 1060 1234 
575 1003 1114 1497 
576 1227 896 1484 
577 1073 756 1238 
578 1132 981 1431 
579 483 486 492 
580 231 714 1312 
581 428 1093 1362 
582 1068 492 1290 
583 856 1234 1235 
584 459 611 1473 
585 1079 859 1458 
586 219 663 1183 
587 529 547 548 
588 161 436 1155 
589 481 482 483 
590 721 1229 1255 
591 1176 963 1418 
592 864 863 972 
593 1134 1135 1276 
594 561 619 1109 
595 870 1058 1059 
596 1132 1264 1461 
597 784 785 856 
598 1130 1010 1131 
599 862 861 863 
600 1015 176 1503 
601 589 587 1009 
602 669 689 784 
603 596 555 1242 
604 1024 1025 1093 
605 1064 434 1352 
606 681 1149 1150 
607 854 988 1087 
608 1099 740 1444 
609 479 481 676 
610 914 1042 1243 
611 165 429 1078 
612 537 1111 1113 
613 925 1217 1300 
614 918 924 1038 
615 1093 1025 1094 
616 884 883 885 
617 1023 1519 1531 
618 931 1166 1343 
619 914 916 1042 
620 710 747 860 
621 1191 1219 1231 
622 165 166 429 
623 812 1010 1130 
624 1214 732 1302 
625 894 1050 1160 
626 1217 1071 1410 
627 1385 672 1498 
628 229 434 1098 
629 874 873 1521 
630 592 593 609 
631 607 579 1257 
632 229 228 434 
633 1120 899 1121 
634 1217 761 1300 
635 591 626 1154 
636 1122 424 1125 
637 526 516 880 
638 509 507 772 
639 1158 431 1159 
640 174 430 1123 
641 789 730 883 
642 806 716 821 
643 1163 1018 1389 
644 169 424 1122 
645 671 222 1139 
646 446 156 1162 
647 650 711 1283 
648 537 545 1111 
649 550 572 1133 
650 794 902 1208 
651 1114 1435 1497 
652 718 783 1119 
653 492 486 1053 
654 692 693 1207 
655 1266 948 1297 
656 581 582 592 
657 623 599 695 
658 442 203 1137 
659 891 894 1160 
660 778 946 1145 
661 665 738 1134 
662 884 885 1028 
663 474 476 1147 
664 669 784 859 
665 1183 663 1184 
666 495 494 496 
667 784 689 785 
668 1128 764 1208 
669 746 1047 1399 
670 1171 656 1257 
671 1115 801 1117 
672 1139 1140 1143 
673 503 500 507 
674 755 1048 1492 
675 789 883 884 
676 474 1147 1149 
677 609 593 1079 
678 436 162 1097 
679 598 653 669 
680 493 710 1080 
681 856 785 857 
682 565 567 1237 
683 1335 1052 1349 
684 160 1155 1156 
685 599 589 1101 
686 199 431 1158 
687 885 883 1099 
688 491 495 1292 
689 629 1205 1260 
690 671 1139 1143 
691 669 653 689 
692 570 756 1205 
693 783 1192 1193 
694 559 561 1109 
695 1125 424 1286 
696 572 604 1133 
697 783 1193 1266 
698 592 582 593 
699 764 1170 1236 
700 798 812 1130 
701 424 170 1321 
702 916 918 1211 
703 772 507 1072 
704 1205 1073 1260 
705 79 80 853 
706 425 196 1165 
707 1213 1215 1513 
708 1197 1194 1491 
709 783 758 1192 
710 230 229 1098 
711 668 82 1173 
712 555 544 1242 
713 681 472 1149 
714 593 598 1079 
715 1133 665 1134 
716 488 491 1292 
717 899 724 1304 
718 574 575 581 
719 158 159 439 
720 161 162 436 
721 843 844 952 
722 1048 755 1457 
723 625 209 1178 
724 81 668 1102 
725 884 1029 1239 
726 894 895 896 
727 835 962 1169 
728 613 592 1088 
729 738 799 849 
730 649 746 1175 
731 789 884 1239 
732 221 422 1139 
733 1180 596 1242 
734 1421 1282 1429 
735 520 513 1240 
736 1076 528 1077 
737 891 893 894 
738 222 221 1139 
739 914 915 916 
740 479 480 481 
741 163 164 733 
742 843 842 844 
743 567 569 574 
744 1006 895 1221 
745 160 161 1155 
746 1232 1233 1247 
747 1016 1005 1043 
748 911 913 914 
749 581 575 582 
750 726 794 1208 
751 519 523 1182 
752 1094 1025 1095 
753 604 665 1133 
754 896 895 960 
755 1081 860 1082 
756 574 569 575 
757 894 893 895 
758 700 656 1171 
759 496 494 501 
760 201 1262 1296 
761 895 893 1221 
762 683 168 1122 
763 158 439 1085 
764 826 808 1195 
765 902 1128 1208 
766 557 559 661 
767 479 676 1147 
768 1147 676 1148 
769 946 1171 1172 
770 586 585 587 
771 1154 626 1228 
772 749 764 1236 
773 578 1146 1369 
774 672 173 1123 
775 209 208 1178 
776 221 220 422 
777 1165 675 1166 
778 661 559 1109 
779 953 933 998 
780 561 563 619 
781 916 917 918 
782 1233 968 1247 
783 856 857 1234 
784 693 743 1207 
785 167 168 683 
786 1219 190 1231 
787 969 1145 1146 
788 614 576 616 
789 472 474 1149 
790 889 891 1160 
791 513 900 1240 
792 1147 1148 1149 
793 1062 772 1063 
794 909 911 1243 
795 845 821 850 
796 706 705 1279 
797 1094 1095 1096 
798 204 742 1137 
799 172 173 672 
800 665 666 738 
801 1174 1057 1442 
802 977 1125 1286 
803 887 831 1179 
804 481 480 482 
805 460 461 462 
806 901 1037 1126 
807 604 620 665 
808 1179 829 1195 
809 164 165 1078 
810 776 700 1171 
811 193 713 1186 
812 1149 1148 1150 
813 954 953 955 
814 618 596 1180 
815 831 829 1179 
816 684 453 1230 
817 1095 1025 1229 
818 692 1207 1346 
819 545 557 1111 
820 829 826 1195 
821 946 776 1171 
822 743 833 834 
823 995 899 1120 
824 908 1131 1132 
825 780 778 1145 
826 905 1185 1229 
827 712 654 1185 
828 128 129 1124 
829 1139 422 1140 
830 557 558 559 
831 787 1175 1176 
832 799 800 888 
833 818 1180 1181 
834 559 560 561 
835 834 833 933 
836 80 81 1102 
837 159 160 1156 
838 954 955 1115 
839 675 198 1158 
840 969 780 1145 
841 738 739 799 
842 1390 1118 1392 
843 1111 661 1112 
844 821 716 1480 
845 156 157 1162 
846 1115 955 1116 
847 430 1087 1514 
848 204 205 742 
849 1212 811 1213 
850 81 82 668 
851 162 163 1097 
852 918 919 924 
853 867 887 1209 
854 581 592 613 
855 208 959 1178 
856 197 675 1165 
857 1224 1225 1270 
858 1051 863 1277 
859 1188 1187 1189 
860 778 776 946 
861 157 1085 1162 
862 1298 1202 1501 
863 432 1186 1187 
864 561 562 563 
865 894 896 1050 
866 523 529 1182 
867 863 861 1277 
868 834 933 953 
869 905 805 1185 
870 805 712 1185 
871 1024 905 1025 
872 588 587 589 
873 483 482 485 
874 758 823 1192 
875 743 744 833 
876 202 203 442 
877 1222 719 1223 
878 174 175 430 
879 844 842 908 
880 1364 1443 1481 
881 878 780 969 
882 1190 1189 1198 
883 835 837 962 
884 787 715 1175 
885 1138 940 1238 
886 643 618 1180 
887 231 230 714 
888 199 200 431 
889 720 725 726 
890 673 629 674 
891 563 564 565 
892 823 976 1192 
893 960 1006 1086 
894 818 643 1180 
895 715 649 1175 
896 834 954 1207 
897 223 671 1167 
898 902 1126 1127 
899 462 463 464 
900 902 901 1126 
901 220 219 1183 
902 462 461 463 
903 593 597 598 
904 1198 1189 1199 
905 210 625 1174 
906 594 570 1205 
907 726 725 794 
908 891 892 893 
909 565 566 567 
910 169 170 424 
911 567 568 569 
912 523 524 527 
913 197 198 675 
914 1021 1023 1531 
915 794 901 902 
916 719 674 720 
917 841 842 843 
918 752 730 789 
919 1192 976 1194 
920 628 594 629 
921 514 521 1216 
922 570 543 756 
923 904 805 905 
924 219 218 663 
925 720 674 725 
926 645 643 818 
927 208 207 959 
928 223 222 671 
929 598 652 653 
930 443 1219 1220 
931 841 798 842 
932 584 554 585 
933 526 880 1107 
934 195 196 425 
935 1199 755 1490 
936 750 724 899 
937 83 441 1173 
938 635 691 1224 
939 1129 1127 1144 
940 995 1120 1383 
941 889 890 891 
942 233 232 970 
943 581 613 1177 
944 521 533 1216 
945 217 216 428 
946 621 692 1246 
947 574 581 1177 
948 883 730 1152 
949 786 715 787 
950 1212 1213 1513 
951 665 620 666 
952 693 703 743 
953 649 647 746 
954 132 133 447 
955 1040 952 1041 
956 1061 1062 1358 
957 188 443 1210 
958 834 953 954 
959 857 862 1234 
960 432 1188 1231 
961 432 1187 1188 
962 749 728 764 
963 612 811 1212 
964 768 906 1307 
965 727 726 728 
966 215 214 670 
967 1188 1189 1190 
968 1188 1191 1231 
969 210 209 625 
970 867 831 887 
971 545 556 557 
972 798 797 812 
973 173 174 1123 
974 591 608 626 
975 878 969 979 
976 601 1212 1314 
977 211 210 1174 
978 718 758 783 
979 203 204 1137 
980 823 935 976 
981 812 886 1001 
982 168 169 1122 
983 141 142 435 
984 432 192 1186 
985 143 144 662 
986 145 146 427 
987 673 674 719 
988 213 212 437 
989 486 485 487 
990 901 940 1037 
991 796 763 797 
992 629 594 1205 
993 691 804 1224 
994 82 83 1173 
995 1054 1053 1055 
996 794 869 901 
997 796 797 798 
998 1128 1127 1129 
999 198 199 1158 
1000 533 679 1216 
1001 557 661 1111 
1002 628 629 673 
1003 748 728 749 
1004 193 194 713 
1005 842 798 1130 
1006 857 858 861 
1007 1224 965 1225 
1008 528 678 1077 
1009 1001 886 1074 
1010 613 1088 1089 
1011 138 139 622 
1012 738 666 739 
1013 904 905 1024 
1014 872 1248 1294 
1015 147 148 664 
1016 1203 664 1204 
1017 196 197 1165 
1018 224 223 1167 
1019 1116 955 1118 
1020 543 520 1240 
1021 443 189 1219 
1022 1382 926 1507 
1023 833 835 1169 
1024 633 631 740 
1025 804 964 965 
1026 940 1073 1238 
1027 149 150 423 
1028 878 979 1218 
1029 786 787 865 
1030 533 535 679 
1031 812 1001 1010 
1032 806 821 845 
1033 729 638 730 
1034 1111 1112 1113 
1035 1010 1001 1168 
1036 575 1153 1226 
1037 728 726 1208 
1038 743 834 1207 
1039 191 192 432 
1040 720 726 727 
1041 775 868 889 
1042 886 797 1236 
1043 1193 1192 1194 
1044 1129 1144 1526 
1045 799 739 800 
1046 136 137 942 
1047 804 965 1224 
1048 435 142 1196 
1049 662 144 1197 
1050 918 1038 1211 
1051 990 867 1209 
1052 1234 1060 1235 
1053 143 662 1196 
1054 145 427 1197 
1055 812 797 886 
1056 833 744 835 
1057 1096 1095 1222 
1058 142 143 1196 
1059 762 749 763 
1060 144 145 1197 
1061 1119 783 1266 
1062 707 698 819 
1063 157 158 1085 
1064 427 146 1203 
1065 497 496 498 
1066 727 728 748 
1067 1153 573 1154 
1068 503 507 508 
1069 559 558 560 
1070 188 189 443 
1071 741 187 1210 
1072 129 130 438 
1073 146 147 1203 
1074 83 84 441 
1075 192 193 1186 
1076 921 790 1002 
1077 134 1103 1398 
1078 684 1230 1288 
1079 573 591 1154 
1080 1170 886 1236 
1081 902 1127 1128 
1082 129 438 1124 
1083 711 788 1283 
1084 933 833 1169 
1085 882 770 971 
1086 189 190 1219 
1087 761 1285 1300 
1088 1050 896 1227 
1089 147 664 1203 
1090 1189 1187 1241 
1091 557 556 558 
1092 148 149 1206 
1093 488 487 490 
1094 569 573 1153 
1095 764 728 1208 
1096 476 479 1147 
1097 561 560 562 
1098 548 576 577 
1099 137 138 1201 
1100 575 569 1153 
1101 763 749 1236 
1102 186 187 741 
1103 664 148 1206 
1104 85 86 694 
1105 748 749 762 
1106 431 200 1296 
1107 960 895 1006 
1108 1025 905 1229 
1109 794 725 869 
1110 187 188 1210 
1111 653 718 1119 
1112 689 653 1119 
1113 907 1090 1091 
1114 860 747 1263 
1115 788 951 1065 
1116 138 622 1201 
1117 179 180 1019 
1118 1063 772 1072 
1119 604 605 620 
1120 795 763 796 
1121 527 528 1076 
1122 149 423 1206 
1123 563 562 564 
1124 1002 790 1239 
1125 914 913 915 
1126 1275 742 1501 
1127 1037 940 1138 
1128 743 703 744 
1129 901 869 940 
1130 495 754 1292 
1131 942 1201 1202 
1132 1157 913 1354 
1133 911 914 1243 
1134 888 800 941 
1135 942 137 1201 
1136 965 964 966 
1137 689 1119 1297 
1138 565 564 566 
1139 601 612 1212 
1140 567 566 568 
1141 569 568 573 
1142 859 1412 1458 
1143 796 798 841 
1144 797 763 1236 
1145 674 629 1260 
1146 576 547 1075 
1147 779 778 780 
1148 747 852 1263 
1149 155 156 446 
1150 508 509 510 
1151 501 1136 1272 
1152 975 974 1048 
1153 644 643 645 
1154 190 191 1231 
1155 491 490 493 
1156 470 472 681 
1157 572 603 604 
1158 777 776 778 
1159 981 1132 1461 
1160 908 1130 1131 
1161 781 780 878 
1162 191 432 1231 
1163 627 594 628 
1164 580 570 594 
1165 498 496 1272 
1166 1185 654 1255 
1167 593 582 597 
1168 552 543 570 
1169 567 574 1237 
1170 621 686 692 
1171 612 660 811 
1172 762 763 795 
1173 653 652 718 
1174 893 892 897 
1175 768 817 906 
1176 646 645 647 
1177 1066 1055 1067 
1178 642 618 643 
1179 916 915 917 
1180 971 770 1284 
1181 893 897 1221 
1182 891 890 892 
1183 774 700 776 
1184 866 865 1056 
1185 846 805 904 
1186 464 465 466 
1187 598 597 652 
1188 1074 886 1170 
1189 648 647 649 
1190 1166 675 1332 
1191 753 715 786 
1192 932 879 974 
1193 687 649 715 
1194 531 520 543 
1195 756 543 1240 
1196 843 952 1040 
1197 1144 1428 1526 
1198 466 467 468 
1199 1158 1159 1332 
1200 492 1053 1054 
1201 1140 1141 1142 
1202 775 889 1289 
1203 884 1028 1029 
1204 468 469 470 
1205 1181 1180 1242 
1206 470 471 472 
1207 803 712 805 
1208 796 841 1247 
1209 974 879 1218 
1210 678 705 706 
1211 889 868 890 
1212 513 504 900 
1213 1140 422 1141 
1214 1188 1190 1191 
1215 848 809 986 
1216 879 878 1218 
1217 727 748 793 
1218 1199 1189 1241 
1219 1069 983 1445 
1220 460 459 461 
1221 153 154 813 
1222 496 501 1272 
1223 127 128 1033 
1224 595 1259 1265 
1225 941 800 1249 
1226 472 473 474 
1227 859 784 1375 
1228 474 475 476 
1229 869 725 1260 
1230 636 909 1316 
1231 1143 1140 1378 
1232 422 220 1183 
1233 967 795 968 
1234 484 505 682 
1235 480 478 1245 
1236 908 842 1130 
1237 476 477 478 
1238 762 795 967 
1239 636 704 909 
1240 1172 1171 1257 
1241 464 463 465 
1242 750 899 995 
1243 980 898 1064 
1244 586 587 588 
1245 918 917 919 
1246 201 202 1262 
1247 710 717 747 
1248 1099 883 1152 
1249 1113 1112 1441 
1250 1241 1187 1334 
1251 628 673 721 
1252 458 460 1282 
1253 1173 441 1248 
1254 857 785 858 
1255 747 807 852 
1256 584 585 586 
1257 1199 1241 1457 
1258 800 801 1249 
1259 521 532 533 
1260 900 504 1274 
1261 479 478 480 
1262 437 1069 1374 
1263 565 1237 1459 
1264 644 645 646 
1265 765 847 903 
1266 904 1024 1035 
1267 786 865 866 
1268 795 796 1247 
1269 476 478 479 
1270 989 867 990 
1271 611 1131 1473 
1272 642 643 644 
1273 1345 447 1415 
1274 978 480 1245 
1275 804 963 964 
1276 909 910 911 
1277 533 534 535 
1278 975 1048 1049 
1279 832 831 867 
1280 458 459 460 
1281 620 605 621 
1282 963 1176 1522 
1283 646 647 648 
1284 691 802 804 
1285 986 809 1256 
1286 779 780 781 
1287 848 986 1250 
1288 1073 869 1260 
1289 752 789 790 
1290 455 453 684 
1291 648 649 687 
1292 932 974 975 
1293 830 829 831 
1294 687 715 753 
1295 1049 1241 1334 
1296 866 1056 1057 
1297 493 709 710 
1298 777 778 779 
1299 781 878 879 
1300 466 465 467 
1301 552 570 580 
1302 595 617 1259 
1303 531 543 552 
1304 725 674 1260 
1305 181 182 745 
1306 440 179 1019 
1307 1164 813 1530 
1308 580 594 627 
1309 729 730 752 
1310 748 762 1244 
1311 968 795 1247 
1312 924 919 925 
1313 803 805 846 
1314 468 467 469 
1315 828 826 829 
1316 800 739 801 
1317 793 748 1244 
1318 1270 1225 1295 
1319 657 655 1289 
1320 535 536 537 
1321 705 751 1279 
1322 470 469 471 
1323 827 991 996 
1324 774 776 777 
1325 617 640 641 
1326 940 869 1073 
1327 762 967 1244 
1328 995 1383 1404 
1329 753 786 1256 
1330 537 544 545 
1331 861 858 947 
1332 545 555 556 
1333 202 442 1262 
1334 573 579 591 
1335 959 1317 1495 
1336 887 1179 1267 
1337 205 206 1298 
1338 460 462 546 
1339 620 621 1246 
1340 1038 924 1273 
1341 472 471 473 
1342 876 874 907 
1343 130 131 1200 
1344 484 682 1245 
1345 617 641 1259 
1346 846 904 1258 
1347 591 607 608 
1348 966 964 1047 
1349 692 686 693 
1350 582 575 1226 
1351 994 848 1012 
1352 471 469 530 
1353 882 971 977 
1354 474 473 475 
1355 482 480 978 
1356 476 475 477 
1357 627 628 1255 
1358 718 757 758 
1359 1153 1154 1323 
1360 226 225 426 
1361 574 1177 1237 
1362 1042 1211 1518 
1363 682 505 1261 
1364 533 532 534 
1365 1133 1134 1276 
1366 639 450 873 
1367 841 1232 1247 
1368 847 848 994 
1369 560 558 759 
1370 604 603 605 
1371 514 1216 1261 
1372 790 789 1239 
1373 666 620 1246 
1374 758 766 823 
1375 518 540 690 
1376 823 824 935 
1377 465 463 551 
1378 925 1071 1217 
1379 1054 1055 1066 
1380 935 936 1003 
1381 595 555 596 
1382 765 903 1271 
1383 1186 713 1334 
1384 1181 1242 1311 
1385 847 809 848 
1386 841 843 1232 
1387 835 836 837 
1388 459 457 611 
1389 608 655 657 
1390 765 753 809 
1391 687 753 765 
1392 640 618 642 
1393 590 589 599 
1394 617 596 618 
1395 510 511 512 
1396 478 477 484 
1397 786 866 1256 
1398 466 468 506 
1399 804 802 963 
1400 788 1065 1283 
1401 911 912 913 
1402 475 473 688 
1403 478 484 1245 
1404 765 809 847 
1405 1012 848 1250 
1406 1146 1145 1369 
1407 1077 706 1520 
1408 536 534 538 
1409 699 773 775 
1410 535 534 536 
1411 646 648 737 
1412 982 846 983 
1413 635 627 654 
1414 921 1002 1034 
1415 904 1035 1258 
1416 1443 1088 1481 
1417 802 712 803 
1418 691 654 712 
1419 505 504 513 
1420 514 513 520 
1421 521 520 531 
1422 588 589 590 
1423 484 477 504 
1424 556 555 595 
1425 803 846 982 
1426 931 879 932 
1427 837 854 855 
1428 545 544 555 
1429 537 536 544 
1430 816 872 1294 
1431 832 867 989 
1432 775 810 868 
1433 639 873 874 
1434 628 721 1255 
1435 809 753 1256 
1436 580 627 635 
1437 932 975 1110 
1438 1264 1132 1517 
1439 635 1224 1270 
1440 1131 1010 1473 
1441 781 879 931 
1442 595 596 617 
1443 617 618 640 
1444 691 712 802 
1445 635 654 691 
1446 640 642 755 
1447 654 627 1255 
1448 830 831 832 
1449 484 504 505 
1450 983 846 1258 
1451 505 513 514 
1452 514 520 521 
1453 521 531 532 
1454 564 562 578 
1455 1115 1117 1346 
1456 1223 1142 1414 
1457 573 568 579 
1458 843 1040 1232 
1459 455 684 1264 
1460 655 699 1289 
1461 1179 1195 1386 
1462 985 810 1014 
1463 773 700 774 
1464 777 779 937 
1465 1030 929 1031 
1466 828 829 830 
1467 996 991 1011 
1468 13 421 1251 
1469 718 652 757 
1470 946 1172 1369 
1471 232 231 1312 
1472 877 876 898 
1473 699 656 700 
1474 929 816 1294 
1475 494 493 1080 
1476 1141 422 1183 
1477 591 579 607 
1478 907 1091 1092 
1479 817 929 950 
1480 626 1161 1405 
1481 830 832 984 
1482 924 925 1300 
1483 877 980 981 
1484 542 526 1107 
1485 495 496 497 
1486 892 890 1013 
1487 523 522 524 
1488 1172 1257 1322 
1489 693 702 703 
1490 608 607 655 
1491 655 607 656 
1492 1141 1183 1184 
1493 150 151 1318 
1494 766 757 871 
1495 936 824 958 
1496 558 556 1265 
1497 758 757 766 
1498 597 582 1226 
1499 1336 1110 1337 
1500 823 766 824 
1501 950 929 1030 
1502 935 824 936 
1503 552 580 1270 
1504 1003 936 1114 
1505 499 498 500 
1506 775 773 810 
1507 1334 713 1337 
1508 506 1118 1400 
1509 954 1115 1346 
1510 556 595 1265 
1511 1159 431 1471 
1512 699 700 773 
1513 659 610 1285 
1514 525 516 526 
1515 877 898 980 
1516 751 949 1027 
1517 421 723 1252 
1518 505 514 1261 
1519 888 1290 1320 
1520 868 810 985 
1521 522 511 1061 
1522 827 826 828 
1523 614 616 1045 
1524 539 517 840 
1525 622 139 1325 
1526 471 530 1269 
1527 759 558 1265 
1528 1195 808 1301 
1529 972 863 1051 
1530 503 508 1253 
1531 655 656 699 
1532 827 828 991 
1533 611 457 1264 
1534 502 500 503 
1535 458 457 459 
1536 1110 425 1338 
1537 648 687 1271 
1538 1120 811 1383 
1539 710 709 717 
1540 948 1266 1509 
1541 185 186 1317 
1542 1237 1011 1459 
1543 825 826 827 
1544 909 704 910 
1545 747 717 807 
1546 816 767 872 
1547 1437 959 1495 
1548 897 892 1275 
1549 835 744 836 
1550 688 473 1269 
1551 687 765 1271 
1552 1291 1174 1449 
1553 473 471 1269 
1554 571 549 732 
1555 735 724 750 
1556 1200 131 1345 
1557 456 457 458 
1558 943 814 944 
1559 580 635 1270 
1560 639 874 875 
1561 825 808 826 
1562 750 995 1268 
1563 475 688 1274 
1564 719 720 1331 
1565 456 455 457 
1566 621 685 686 
1567 504 477 1274 
1568 737 648 1271 
1569 870 1059 1060 
1570 132 447 1345 
1571 911 910 912 
1572 632 631 633 
1573 1096 1223 1414 
1574 866 1057 1291 
1575 742 205 1298 
1576 822 945 1026 
1577 477 475 1274 
1578 1256 866 1291 
1579 1194 427 1409 
1580 541 526 542 
1581 658 602 724 
1582 1114 960 1435 
1583 532 531 1295 
1584 697 638 729 
1585 947 858 948 
1586 861 947 1277 
1587 1358 1062 1406 
1588 1032 694 1436 
1589 515 512 516 
1590 1223 719 1331 
1591 875 876 877 
1592 875 874 876 
1593 453 451 1230 
1594 697 767 768 
1595 1271 903 1306 
1596 600 599 623 
1597 890 868 1280 
1598 705 698 707 
1599 1092 714 1363 
1600 637 634 638 
1601 817 816 929 
1602 624 623 631 
1603 782 838 839 
1604 652 597 1278 
1605 751 1027 1279 
1606 621 605 685 
1607 1290 888 1340 
1608 920 790 921 
1609 839 1021 1022 
1610 699 775 1289 
1611 457 455 1264 
1612 550 571 572 
1613 768 816 817 
1614 807 808 825 
1615 531 552 1295 
1616 678 677 698 
1617 1204 664 1359 
1618 194 195 1336 
1619 986 1256 1291 
1620 693 686 702 
1621 572 602 603 
1622 454 455 456 
1623 760 659 761 
1624 735 814 815 
1625 577 614 615 
1626 840 1253 1254 
1627 1021 838 1023 
1628 671 1143 1373 
1629 868 985 1280 
1630 612 659 660 
1631 925 1070 1071 
1632 547 527 1076 
1633 497 498 499 
1634 761 659 1285 
1635 807 717 808 
1636 226 426 1387 
1637 1014 810 1287 
1638 1081 1082 1355 
1639 752 790 920 
1640 552 1270 1295 
1641 553 542 554 
1642 773 774 1287 
1643 583 554 584 
1644 957 956 1018 
1645 872 767 1299 
1646 737 1271 1306 
1647 454 453 455 
1648 828 830 1281 
1649 892 1013 1275 
1650 200 201 1296 
1651 839 838 1021 
1652 1118 506 1392 
1653 840 517 1253 
1654 757 652 1278 
1655 785 689 1297 
1656 822 770 882 
1657 492 1054 1290 
1658 1013 890 1280 
1659 697 729 767 
1660 540 549 550 
1661 830 984 1281 
1662 438 130 1200 
1663 456 458 667 
1664 546 462 1315 
1665 991 828 1281 
1666 517 503 1253 
1667 877 981 1288 
1668 1031 929 1294 
1669 502 517 518 
1670 525 526 541 
1671 769 702 770 
1672 917 915 930 
1673 451 450 639 
1674 502 503 517 
1675 912 956 957 
1676 518 539 540 
1677 632 634 636 
1678 768 767 816 
1679 487 485 489 
1680 965 966 1356 
1681 636 637 704 
1682 460 546 1282 
1683 667 458 1282 
1684 1215 708 1513 
1685 912 910 956 
1686 632 633 634 
1687 871 757 1278 
1688 727 793 1331 
1689 525 541 708 
1690 703 702 769 
1691 515 516 525 
1692 660 760 782 
1693 1250 1178 1437 
1694 597 1226 1278 
1695 708 1215 1483 
1696 1084 1182 1357 
1697 553 583 601 
1698 1026 945 1083 
1699 810 773 1287 
1700 1242 544 1311 
1701 744 703 1309 
1702 925 919 1070 
1703 590 599 600 
1704 624 631 632 
1705 851 850 926 
1706 678 698 705 
1707 735 750 814 
1708 705 707 751 
1709 658 724 735 
1710 213 437 1374 
1711 998 933 1401 
1712 882 977 1286 
1713 1005 992 1454 
1714 572 571 602 
1715 1029 1345 1415 
1716 637 638 697 
1717 554 542 1344 
1718 544 536 1311 
1719 920 921 1151 
1720 601 610 612 
1721 949 1008 1039 
1722 1108 499 1371 
1723 740 1052 1444 
1724 751 707 820 
1725 782 760 838 
1726 815 814 943 
1727 605 603 1293 
1728 875 877 1288 
1729 540 539 549 
1730 451 639 1230 
1731 944 814 1268 
1732 600 623 624 
1733 668 1151 1446 
1734 584 586 696 
1735 822 882 945 
1736 1172 1322 1353 
1737 550 549 571 
1738 462 464 1315 
1739 518 517 539 
1740 686 685 1284 
1741 1125 977 1448 
1742 529 734 1182 
1743 603 602 658 
1744 670 214 1374 
1745 639 875 1230 
1746 218 217 1362 
1747 837 836 854 
1748 79 853 1450 
1749 1307 906 1327 
1750 969 1146 1407 
1751 612 610 659 
1752 1146 578 1395 
1753 949 820 1008 
1754 1142 1223 1529 
1755 588 590 630 
1756 660 659 760 
1757 769 770 822 
1758 814 750 1268 
1759 541 542 553 
1760 529 548 734 
1761 1368 1032 1436 
1762 746 647 1393 
1763 1184 663 1502 
1764 645 818 1393 
1765 953 998 1400 
1766 717 709 1301 
1767 600 624 701 
1768 528 677 678 
1769 553 554 583 
1770 1191 1190 1477 
1771 636 634 637 
1772 962 1421 1429 
1773 619 1459 1468 
1774 499 500 502 
1775 922 1101 1523 
1776 441 84 1380 
1777 1230 875 1288 
1778 1286 424 1321 
1779 1248 872 1347 
1780 854 836 934 
1781 970 232 1312 
1782 729 752 1299 
1783 1264 684 1461 
1784 85 694 1380 
1785 732 549 1302 
1786 751 820 949 
1787 186 741 1317 
1788 1257 579 1322 
1789 858 785 1297 
1790 215 670 1396 
1791 745 182 1339 
1792 452 453 454 
1793 539 840 1302 
1794 1175 746 1522 
1795 932 1110 1338 
1796 579 568 1322 
1797 601 583 610 
1798 501 494 1080 
1799 536 538 1311 
1800 538 534 1341 
1801 532 1295 1341 
1802 777 937 1324 
1803 435 1086 1500 
1804 702 686 1284 
1805 703 769 1309 
1806 767 729 1299 
1807 1194 976 1491 
1808 854 934 988 
1809 207 17 1464 
1810 1110 975 1337 
1811 495 497 754 
1812 945 882 1286 
1813 724 602 1304 
1814 808 717 1301 
1815 421 722 723 
1816 711 771 788 
1817 428 216 1396 
1818 1268 995 1404 
1819 571 732 1304 
1820 836 744 1309 
1821 787 1176 1420 
1822 1015 1005 1016 
1823 781 931 1343 
1824 1102 668 1446 
1825 452 451 453 
1826 983 1069 1423 
1827 1082 1263 1505 
1828 1226 1153 1323 
1829 153 813 1368 
1830 788 881 951 
1831 697 768 1307 
1832 685 605 1293 
1833 960 1086 1435 
1834 819 698 1406 
1835 631 623 1349 
1836 713 1336 1337 
1837 1045 616 1348 
1838 948 858 1297 
1839 603 658 1293 
1840 1287 774 1324 
1841 133 134 1398 
1842 935 1003 1376 
1843 493 490 709 
1844 735 815 1303 
1845 937 779 1343 
1846 1118 955 1400 
1847 527 524 528 
1848 1190 1306 1477 
1849 908 1132 1431 
1850 752 920 1299 
1851 770 702 1284 
1852 139 140 1325 
1853 452 454 731 
1854 903 847 1367 
1855 919 917 1305 
1856 619 563 1459 
1857 811 660 1383 
1858 546 1401 1429 
1859 1285 610 1313 
1860 175 176 1527 
1861 449 451 452 
1862 1049 1334 1337 
1863 1278 1226 1323 
1864 1273 924 1300 
1865 518 690 1371 
1866 1361 1164 1506 
1867 661 1109 1455 
1868 564 578 1353 
1869 983 1258 1445 
1870 958 1365 1405 
1871 675 1158 1332 
1872 470 681 1392 
1873 723 792 1252 
1874 845 850 851 
1875 871 1278 1323 
1876 538 1341 1356 
1877 704 637 1307 
1878 711 651 716 
1879 971 1284 1326 
1880 871 1228 1365 
1881 771 716 806 
1882 17 185 1464 
1883 528 524 677 
1884 1268 1404 1426 
1885 1002 1239 1415 
1886 1254 1253 1342 
1887 549 539 1302 
1888 568 566 1322 
1889 709 490 1333 
1890 131 132 1345 
1891 454 456 1308 
1892 224 1167 1419 
1893 1054 1066 1320 
1894 951 881 1036 
1895 720 727 1331 
1896 586 588 1310 
1897 637 697 1307 
1898 774 777 1324 
1899 1295 1225 1341 
1900 1187 1186 1334 
1901 1301 709 1333 
1902 1122 1125 1472 
1903 211 1174 1442 
1904 602 571 1304 
1905 658 735 1303 
1906 433 1033 1381 
1907 913 912 1354 
1908 1290 1054 1320 
1909 1261 1216 1430 
1910 822 1026 1350 
1911 1293 658 1303 
1912 1381 926 1382 
1913 927 961 1052 
1914 731 1308 1487 
1915 510 512 515 
1916 917 930 1305 
1917 1315 998 1401 
1918 934 836 1309 
1919 583 584 1313 
1920 1203 1204 1409 
1921 711 716 771 
1922 1356 966 1366 
1923 1144 467 1428 
1924 182 183 1339 
1925 584 696 1313 
1926 788 771 881 
1927 650 615 651 
1928 974 1218 1434 
1929 713 194 1336 
1930 958 824 1365 
1931 1201 622 1372 
1932 1070 919 1305 
1933 650 651 711 
1934 1309 769 1350 
1935 1207 954 1346 
1936 632 636 1316 
1937 943 944 1330 
1938 1454 731 1487 
1939 650 1283 1370 
1940 761 1217 1379 
1941 553 601 1314 
1942 443 1220 1478 
1943 228 227 1525 
1944 956 910 1327 
1945 1352 952 1397 
1946 766 871 1365 
1947 694 86 1436 
1948 975 1049 1337 
1949 437 212 1442 
1950 1083 945 1321 
1951 456 667 1308 
1952 1184 1096 1414 
1953 855 1044 1512 
1954 931 932 1338 
1955 708 541 1314 
1956 926 850 1507 
1957 506 468 1392 
1958 696 586 1310 
1959 961 993 1100 
1960 490 487 1333 
1961 1047 964 1399 
1962 704 1307 1327 
1963 1233 426 1419 
1964 560 759 1395 
1965 910 704 1327 
1966 499 502 1371 
1967 1215 1214 1377 
1968 888 941 1340 
1969 624 632 1316 
1970 588 630 1310 
1971 534 532 1341 
1972 977 971 1425 
1973 433 1382 1439 
1974 961 928 993 
1975 779 781 1343 
1976 487 489 1333 
1977 1059 1058 1394 
1978 851 926 927 
1979 1075 547 1076 
1980 872 1299 1347 
1981 1401 1169 1429 
1982 806 845 922 
1983 446 1164 1530 
1984 1041 952 1352 
1985 887 1267 1438 
1986 927 926 928 
1987 610 583 1313 
1988 541 553 1314 
1989 973 1000 1515 
1990 1206 423 1488 
1991 1302 840 1377 
1992 623 695 1349 
1993 1368 1436 1482 
1994 1193 1194 1409 
1995 1069 1056 1423 
1996 510 515 1342 
1997 508 510 1342 
1998 1023 838 1379 
1999 701 624 1316 
2000 1250 986 1449 
2001 578 562 1395 
2002 945 1286 1321 
2003 1348 973 1515 
2004 1252 987 1403 
2005 1253 508 1342 
2006 1145 946 1369 
2007 1322 566 1353 
2008 1076 1077 1463 
2009 466 506 1408 
2010 1299 920 1347 
2011 1181 1311 1366 
2012 803 982 1418 
2013 590 600 1319 
2014 10 136 1469 
2015 967 968 1373 
2016 1214 1302 1377 
2017 600 701 1319 
2018 1284 685 1326 
2019 681 1150 1390 
2020 1202 1201 1372 
2021 482 978 1411 
2022 956 1327 1389 
2023 873 450 1351 
2024 1341 1225 1356 
2025 1074 1129 1526 
2026 566 564 1353 
2027 155 446 1530 
2028 426 225 1419 
2029 731 454 1308 
2030 817 950 1427 
2031 1141 1184 1414 
2032 963 802 1418 
2033 791 923 938 
2034 851 927 1335 
2035 1151 668 1475 
2036 630 590 1319 
2037 944 1426 1432 
2038 141 435 1500 
2039 461 1168 1474 
2040 1068 1290 1340 
2041 825 827 1451 
2042 1225 965 1356 
2043 820 1433 1505 
2044 784 856 1375 
2045 813 154 1530 
2046 467 465 1428 
2047 13 14 421 
2048 1136 1081 1355 
2049 542 1107 1344 
2050 934 1309 1350 
2051 1306 903 1477 
2052 972 1051 1384 
2053 920 1151 1347 
2054 1168 1001 1524 
2055 793 1378 1529 
2056 760 761 1379 
2057 1100 993 1329 
2058 525 708 1391 
2059 723 736 791 
2060 664 1206 1359 
2061 206 10 1469 
2062 1004 1005 1015 
2063 685 1293 1326 
2064 1365 1228 1405 
2065 1027 949 1412 
2066 737 1198 1496 
2067 912 957 1354 
2068 746 1399 1522 
2069 667 1282 1421 
2070 616 576 1075 
2071 546 1315 1401 
2072 837 855 1512 
2073 1267 489 1411 
2074 1293 1303 1326 
2075 927 1052 1335 
2076 792 1105 1467 
2077 793 1244 1378 
2078 449 450 451 
2079 663 218 1362 
2080 1004 992 1005 
2081 1373 968 1528 
2082 1372 622 1508 
2083 668 1173 1475 
2084 87 7 1482 
2085 977 1425 1448 
2086 440 1019 1351 
2087 769 822 1350 
2088 18 233 1486 
2089 950 1030 1361 
2090 463 461 1474 
2091 1174 625 1449 
2092 1167 671 1373 
2093 613 1089 1510 
2094 1433 1082 1505 
2095 1327 906 1389 
2096 898 876 1494 
2097 1163 1389 1427 
2098 152 153 1368 
2099 1281 1466 1468 
2100 938 997 1104 
2101 7 152 1482 
2102 958 1227 1484 
2103 927 928 961 
2104 771 806 1328 
2105 577 615 650 
2106 214 213 1374 
2107 641 640 1492 
2108 183 18 1486 
2109 755 642 1490 
2110 847 994 1367 
2111 646 737 1496 
2112 1315 464 1408 
2113 489 485 1411 
2114 759 1265 1447 
2115 444 440 445 
2116 227 226 1387 
2117 1378 1142 1529 
2118 1402 1007 1507 
2119 1051 1318 1384 
2120 1022 1046 1432 
2121 881 771 1328 
2122 449 445 450 
2123 433 127 1033 
2124 824 766 1365 
2125 1181 1366 1417 
2126 651 1104 1480 
2127 1294 1248 1511 
2128 976 935 1376 
2129 1221 897 1372 
2130 1140 1142 1378 
2131 1366 966 1417 
2132 151 606 1318 
2133 677 1358 1406 
2134 984 832 1479 
2135 1220 1367 1478 
2136 1182 734 1357 
2137 921 1034 1446 
2138 806 922 1328 
2139 1012 1250 1437 
2140 1167 1373 1528 
2141 538 1356 1366 
2142 84 85 1380 
2143 1254 1342 1391 
2144 1470 1328 1523 
2145 1124 993 1504 
2146 522 1061 1358 
2147 936 958 1484 
2148 1039 1008 1364 
2149 1325 140 1500 
2150 502 518 1371 
2151 999 972 1384 
2152 733 1078 1519 
2153 677 524 1358 
2154 1116 1118 1390 
2155 991 1281 1468 
2156 840 1254 1377 
2157 1086 435 1435 
2158 1125 1448 1472 
2159 952 844 1397 
2160 468 470 1392 
2161 1409 1204 1509 
2162 1342 515 1391 
2163 647 645 1393 
2164 1384 606 1460 
2165 1287 1324 1471 
2166 998 1315 1408 
2167 1311 538 1366 
2168 1040 1041 1387 
2169 999 1384 1460 
2170 818 1181 1417 
2171 838 760 1379 
2172 660 782 1383 
2173 1221 1372 1508 
2174 670 1374 1445 
2175 944 1268 1426 
2176 1413 680 1416 
2177 1104 997 1480 
2178 12 13 1251 
2179 1350 1026 1385 
2180 216 215 1396 
2181 1248 441 1511 
2182 1169 962 1429 
2183 1463 1077 1520 
2184 1301 1333 1386 
2185 524 522 1358 
2186 433 1381 1382 
2187 1101 1009 1523 
2188 1382 1007 1388 
2189 852 807 1476 
2190 1478 994 1489 
2191 955 953 1400 
2192 1519 1078 1531 
2193 1018 956 1389 
2194 1009 587 1499 
2195 1383 782 1404 
2196 853 1103 1450 
2197 562 560 1395 
2198 1397 844 1431 
2199 1195 1301 1386 
2200 606 987 1460 
2201 1352 434 1525 
2202 1088 609 1481 
2203 938 923 997 
2204 933 1169 1401 
2205 12 1251 1403 
2206 1215 1377 1483 
2207 707 819 1433 
2208 679 1113 1441 
2209 988 934 1385 
2210 979 969 1407 
2211 515 525 1391 
2212 427 1203 1409 
2213 447 133 1398 
2214 978 1245 1453 
2215 1426 1022 1432 
2216 1288 981 1461 
2217 723 791 792 
2218 548 577 1370 
2219 734 548 1370 
2220 964 963 1399 
2221 820 707 1433 
2222 791 736 923 
2223 1044 1043 1487 
2224 1123 430 1514 
2225 464 466 1408 
2226 1063 1136 1440 
2227 934 1350 1385 
2228 452 731 1422 
2229 845 851 1360 
2230 1049 1048 1457 
2231 1000 1106 1416 
2232 1220 1191 1477 
2233 1239 1029 1415 
2234 928 926 1381 
2235 922 845 1360 
2236 1363 898 1494 
2237 851 1335 1360 
2238 923 736 1007 
2239 698 677 1406 
2240 1281 984 1466 
2241 1333 489 1386 
2242 1228 626 1405 
2243 782 839 1404 
2244 225 224 1419 
2245 1324 1159 1471 
2246 1131 611 1517 
2247 1427 950 1506 
2248 1489 1012 1495 
2249 865 787 1420 
2250 742 1298 1501 
2251 1318 606 1384 
2252 587 585 1499 
2253 1474 1168 1524 
2254 865 1420 1423 
2255 551 1524 1526 
2256 445 440 1351 
2257 1404 839 1426 
2258 1142 1141 1414 
2259 577 650 1370 
2260 1348 616 1394 
2261 994 1012 1489 
2262 1381 1033 1504 
2263 1052 961 1444 
2264 1043 1005 1454 
2265 1056 865 1423 
2266 1283 1065 1485 
2267 966 1047 1417 
2268 448 445 449 
2269 1041 1352 1525 
2270 949 1039 1412 
2271 802 803 1418 
2272 1524 1074 1526 
2273 1109 619 1466 
2274 1407 759 1447 
2275 1459 1011 1468 
2276 421 14 722 
2277 844 908 1431 
2278 1020 1090 1521 
2279 1266 1193 1509 
2280 1209 887 1438 
2281 1453 682 1465 
2282 485 482 1411 
2283 1089 1451 1510 
2284 1298 206 1469 
2285 938 1104 1413 
2286 1017 939 1424 
2287 939 992 1004 
2288 1330 944 1432 
2289 1216 679 1430 
2290 1326 1303 1425 
2291 906 817 1427 
2292 1002 1415 1456 
2293 1178 959 1437 
2294 1048 974 1434 
2295 1245 682 1453 
2296 839 1022 1426 
2297 1371 690 1452 
2298 1078 429 1531 
2299 723 722 736 
2300 1064 898 1516 
2301 465 551 1428 
2302 441 1380 1511 
2303 616 1075 1394 
2304 1434 641 1492 
2305 1364 852 1443 
2306 971 1326 1425 
2307 1089 1088 1443 
2308 1355 1082 1433 
2309 1425 815 1448 
2310 212 211 1442 
2311 86 87 1436 
2312 444 445 448 
2313 682 1261 1465 
2314 819 1355 1433 
2315 1455 984 1479 
2316 1430 679 1441 
2317 1314 1212 1513 
2318 1106 1413 1416 
2319 1093 1094 1502 
2320 979 1447 1462 
2321 1218 979 1462 
2322 609 1079 1458 
2323 708 1314 1513 
2324 1389 906 1427 
2325 1377 1254 1483 
2326 680 1045 1416 
2327 881 1328 1470 
2328 176 177 1503 
2329 449 452 1422 
2330 448 449 1422 
2331 942 1298 1469 
2332 1265 1259 1447 
2333 1009 1470 1523 
2334 1112 661 1455 
2335 1282 546 1429 
2336 563 565 1459 
2337 992 448 1422 
2338 1303 815 1425 
2339 1367 994 1478 
2340 827 996 1451 
2341 233 970 1486 
2342 1447 1259 1462 
2343 939 448 992 
2344 928 1381 1504 
2345 1209 1453 1465 
2346 622 1325 1508 
2347 1067 1108 1452 
2348 950 1361 1506 
2349 1173 1248 1475 
2350 672 1123 1498 
2351 662 1197 1491 
2352 1370 1283 1485 
2353 1319 1042 1518 
2354 736 722 1388 
2355 1374 1069 1445 
2356 938 1413 1493 
2357 450 445 1351 
2358 1164 1163 1506 
2359 430 175 1527 
2360 959 207 1464 
2361 1419 1167 1528 
2362 684 1288 1461 
2363 1151 921 1446 
2364 1241 1049 1457 
2365 1210 443 1478 
2366 185 1317 1464 
2367 990 1209 1465 
2368 1211 630 1518 
2369 1277 947 1488 
2370 1004 1015 1503 
2371 1210 1478 1489 
2372 815 943 1448 
2373 1443 852 1476 
2374 434 228 1525 
2375 1193 1409 1509 
2376 444 448 939 
2377 1010 1168 1473 
2378 1248 1347 1475 
2379 1466 619 1468 
2380 986 1291 1449 
2381 1006 1221 1508 
2382 1177 613 1510 
2383 1136 1355 1440 
2384 734 1370 1485 
2385 1259 641 1462 
2386 961 1100 1444 
2387 140 141 1500 
2388 741 1210 1489 
2389 807 825 1476 
2390 435 1196 1497 
2391 1059 1394 1463 
2392 136 942 1469 
2393 1263 1008 1505 
2394 551 463 1474 
2395 1108 1371 1452 
2396 1132 1131 1517 
2397 1176 1175 1522 
2398 716 651 1480 
2399 741 1489 1495 
2400 968 1233 1528 
2401 178 15 1017 
2402 1007 1382 1507 
2403 1011 991 1468 
2404 1059 1463 1520 
2405 962 837 1512 
2406 1001 1074 1524 
2407 1058 1348 1394 
2408 1007 736 1388 
2409 832 989 1479 
2410 642 644 1490 
2411 1223 1331 1529 
2412 1355 819 1440 
2413 907 1092 1494 
2414 1114 936 1484 
2415 791 938 1493 
2416 640 755 1492 
2417 1448 943 1472 
2418 997 923 1402 
2419 644 646 1496 
2420 1014 1287 1471 
2421 923 1007 1402 
2422 1490 644 1496 
2423 611 1264 1517 
2424 154 155 1530 
2425 876 907 1494 
2426 1438 978 1453 
2427 1087 988 1514 
2428 898 1363 1516 
2429 987 1252 1467 
2430 1237 1177 1532 
2431 1011 1237 1532 
2432 1036 881 1470 
2433 1394 1075 1463 
2434 1060 1059 1520 
2435 1317 959 1464 
2436 1510 996 1532 
2437 1163 1427 1506 
2438 1008 820 1505 
2439 993 928 1504 
2440 1331 793 1529 
2441 947 1359 1488 
2442 1177 1510 1532 
2443 1458 1039 1481 
2444 996 1011 1532 
2445 1105 999 1460 
2446 1325 1006 1508 
2447 1251 421 1252 
2448 1380 1031 1511 
2449 1470 1009 1499 
2450 1413 1106 1493 
2451 1391 708 1483 
2452 943 1330 1472 
2453 1075 1076 1463 
2454 970 1339 1486 
2455 1317 741 1495 
2456 1362 1093 1502 
2457 609 1458 1481 
2458 792 791 1493 
2459 979 1407 1447 
2460 1399 963 1522 
2461 1252 792 1467 
2462 1031 1294 1511 
2463 1339 183 1486 
2464 1105 1460 1467 
2465 1045 1348 1515 
2466 1347 1151 1475 
2467 177 1424 1503 
2468 939 1004 1424 
2469 1460 987 1467 
2470 447 1398 1456 
2471 1415 447 1456 
2472 1376 662 1491 
2473 1357 734 1485 
2474 1359 1206 1488 
2475 1043 1454 1487 
2476 1092 1363 1494 
2477 152 1368 1482 
2478 1039 1364 1481 
2479 1416 1045 1515 
2480 663 1362 1502 
2481 976 1376 1491 
2482 1412 1039 1458 
2483 988 1498 1514 
2484 630 1319 1518 
2485 1000 1416 1515 
2486 1328 922 1523 
2487 1209 1438 1453 
2488 722 14 1439 
2489 1254 1391 1483 
2490 1388 722 1439 
2491 1498 1123 1514 
2492 988 1385 1498 
2493 1048 1434 1492 
2494 1112 1455 1479 
2495 1436 87 1482 
2496 1428 551 1526 
2497 1233 1419 1528 
2498 1421 962 1512 
2499 1012 1437 1495 
2500 1089 1443 1476 
2501 1023 1410 1519 
2502 1435 435 1497 
2503 1044 1421 1512 
2504 1410 733 1519 
2505 1036 1470 1499 
2506 1451 996 1510 
2507 1424 1004 1503 
2508 551 1474 1524 
2509 14 433 1439 
2510 177 16 1017 
2511 16 178 1017 
2 3 2 46
2512 96 137 95 
2513 137 136 95 
2514 105 148 147 
2515 97 138 96 
2516 138 137 96 
2517 103 146 145 
2518 104 105 147 
2519 103 104 146 
2520 108 151 1533 
2521 139 138 97 
2522 98 139 97 
2523 101 143 142 
2524 100 101 142 
2525 104 147 146 
2526 140 139 98 
2527 99 140 98 
2528 100 141 99 
2529 141 100 142 
2530 9 108 1533 
2531 141 140 99 
2532 148 105 1534 
2533 105 106 1534 
2534 106 107 1539 
2535 102 103 1535 
2536 103 145 1535 
2537 143 101 1538 
2538 101 102 1538 
2539 8 95 1537 
2540 107 1536 1539 
2541 136 10 1537 
2542 149 148 1534 
2543 10 8 1537 
2544 95 136 1537 
2545 145 144 1535 
2546 144 143 1538 
2547 151 150 1536 
2548 150 149 1539 
2549 1535 144 1538 
2550 149 1534 1539 
2551 1536 150 1539 
2552 102 1535 1538 
2553 1534 106 1539 
2554 1533 151 1536 
2555 107 1533 1536 
2556 107 9 1533 
2557 108 11 151 
2 4 2 281
2558 1585 1550 1586 
2559 1550 1585 1587 
2560 113 1540 1557 
2561 1586 1541 1619 
2562 1575 1614 1638 
2563 110 9 109 
2564 1544 1589 1590 
2565 89 90 1592 
2566 112 113 1557 
2567 111 112 1556 
2568 1556 112 1557 
2569 1614 1575 1615 
2570 91 92 1621 
2571 1544 1590 1592 
2572 1557 1540 1558 
2573 110 111 1555 
2574 1586 1550 1635 
2575 1573 1609 1624 
2576 1553 1587 1593 
2577 90 1544 1592 
2578 1592 1618 1628 
2579 1618 1554 1628 
2580 1588 1551 1655 
2581 1589 1544 1621 
2582 1541 1586 1635 
2583 1614 1612 1638 
2584 1555 111 1556 
2585 1604 1546 1616 
2586 1619 1541 1639 
2587 1551 1588 1630 
2588 1587 1553 1625 
2589 9 108 109 
2590 107 1555 1641 
2591 1597 1554 1618 
2592 109 108 1652 
2593 1634 1644 1649 
2594 92 1553 1621 
2595 1544 91 1621 
2596 1587 1585 1593 
2597 1582 1589 1593 
2598 1604 1616 1647 
2599 1609 1573 1640 
2600 89 1592 1628 
2601 1553 1593 1621 
2602 1593 1589 1621 
2603 1585 1582 1593 
2604 9 110 1555 
2605 1624 1609 1642 
2606 1550 1587 1632 
2607 1603 1607 1608 
2608 78 77 1601 
2609 1644 1600 1649 
2610 74 73 1607 
2611 106 1551 1594 
2612 1549 1599 1600 
2613 1597 1618 1645 
2614 1592 1590 1618 
2615 1549 1598 1599 
2616 73 1547 1607 
2617 1549 76 1598 
2618 1548 68 1597 
2619 100 101 1613 
2620 1613 1614 1620 
2621 1542 1611 1612 
2622 1542 1610 1611 
2623 1558 1540 1559 
2624 77 76 1549 
2625 1607 1547 1608 
2626 106 107 1551 
2627 67 1554 1597 
2628 67 66 1554 
2629 96 1550 1632 
2630 101 1542 1613 
2631 77 1549 1601 
2632 1545 105 1594 
2633 69 1548 1616 
2634 1545 1594 1595 
2635 1543 74 1607 
2636 1557 1558 1588 
2637 1542 102 1610 
2638 103 1605 1610 
2639 1547 72 1623 
2640 103 104 1605 
2641 1581 1580 1582 
2642 1602 1543 1603 
2643 1582 1583 1589 
2644 75 1543 1598 
2645 1598 1543 1602 
2646 105 106 1594 
2647 76 75 1598 
2648 1608 1547 1609 
2649 102 103 1610 
2650 69 68 1548 
2651 1594 1551 1630 
2652 104 105 1545 
2653 1609 1547 1623 
2654 100 1613 1620 
2655 1579 1578 1580 
2656 1549 1600 1601 
2657 1576 1579 1615 
2658 1582 1580 1583 
2659 1576 1577 1578 
2660 68 67 1597 
2661 1576 1578 1579 
2662 1546 70 1616 
2663 1581 1582 1585 
2664 1542 1612 1613 
2665 96 97 1550 
2666 1575 1576 1615 
2667 1575 1574 1576 
2668 1599 1598 1602 
2669 70 69 1616 
2670 1579 1580 1581 
2671 115 116 1552 
2672 104 1545 1605 
2673 1589 1583 1590 
2674 1610 1606 1611 
2675 1605 1606 1610 
2676 73 72 1547 
2677 75 74 1543 
2678 71 70 1546 
2679 1613 1612 1614 
2680 1572 1574 1575 
2681 1576 1574 1577 
2682 1583 1580 1622 
2683 1615 1579 1619 
2684 1611 1637 1653 
2685 1578 1577 1584 
2686 1579 1581 1619 
2687 1545 1595 1596 
2688 101 102 1542 
2689 98 99 1541 
2690 1578 1584 1622 
2691 1581 1586 1619 
2692 1568 1570 1571 
2693 72 71 1623 
2694 1572 1573 1574 
2695 99 100 1620 
2696 1603 1543 1607 
2697 1580 1578 1622 
2698 1571 1570 1572 
2699 1581 1585 1586 
2700 1572 1570 1573 
2701 1577 1574 1624 
2702 1591 1583 1622 
2703 1541 99 1620 
2704 1564 1566 1567 
2705 71 1546 1623 
2706 1605 1596 1606 
2707 1574 1573 1624 
2708 1568 1569 1570 
2709 1545 1596 1605 
2710 1568 1566 1569 
2711 1604 1577 1624 
2712 1567 1566 1568 
2713 1602 1603 1633 
2714 1584 1577 1604 
2715 1590 1583 1591 
2716 93 94 1625 
2717 92 93 1553 
2718 90 91 1544 
2719 116 117 1617 
2720 1622 1584 1626 
2721 1564 1565 1566 
2722 114 115 1627 
2723 1590 1591 1618 
2724 113 114 1540 
2725 1611 1606 1637 
2726 1564 1562 1565 
2727 1560 1562 1563 
2728 1563 1562 1564 
2729 115 1552 1627 
2730 1591 1622 1626 
2731 1553 93 1625 
2732 1558 1559 1560 
2733 1608 1609 1640 
2734 1560 1561 1562 
2735 1560 1559 1561 
2736 1552 116 1617 
2737 1540 114 1627 
2738 1564 1567 1631 
2739 1550 97 1635 
2740 1617 1601 1644 
2741 1559 1540 1627 
2742 1601 1600 1644 
2743 88 89 1628 
2744 1565 1562 1629 
2745 98 1541 1635 
2746 1569 1566 1633 
2747 1541 1620 1639 
2748 1567 1568 1637 
2749 1637 1571 1653 
2750 1571 1572 1638 
2751 1614 1615 1639 
2752 1556 1557 1655 
2753 1602 1633 1650 
2754 1570 1569 1640 
2755 117 4 1643 
2756 1595 1594 1630 
2757 1558 1560 1636 
2758 1562 1561 1629 
2759 1588 1558 1636 
2760 1596 1595 1631 
2761 1627 1552 1634 
2762 1609 1623 1642 
2763 95 96 1632 
2764 1600 1599 1649 
2765 4 78 1643 
2766 1584 1604 1647 
2767 1563 1564 1631 
2768 1551 107 1641 
2769 8 95 1646 
2770 1587 1625 1632 
2771 1548 1597 1645 
2772 66 3 1648 
2773 1566 1565 1633 
2774 94 8 1646 
2775 78 1601 1643 
2776 1616 1548 1647 
2777 1620 1614 1639 
2778 1559 1627 1634 
2779 1561 1559 1634 
2780 1618 1591 1645 
2781 1557 1588 1655 
2782 3 88 1648 
2783 97 98 1635 
2784 1603 1608 1651 
2785 1568 1571 1637 
2786 1560 1563 1636 
2787 1631 1567 1654 
2788 1548 1626 1647 
2789 1615 1619 1639 
2790 1626 1548 1645 
2791 1555 1556 1641 
2792 1572 1575 1638 
2793 1633 1565 1650 
2794 1546 1604 1642 
2795 1599 1629 1649 
2796 1569 1633 1651 
2797 1630 1588 1636 
2798 1573 1570 1640 
2799 1601 1617 1643 
2800 1640 1569 1651 
2801 1631 1595 1656 
2802 1563 1631 1656 
2803 11 12 1652 
2804 1596 1631 1654 
2805 1604 1624 1642 
2806 1554 66 1648 
2807 1634 1552 1644 
2808 1561 1634 1649 
2809 1567 1637 1654 
2810 1623 1546 1642 
2811 1599 1602 1650 
2812 1633 1603 1651 
2813 1612 1611 1653 
2814 1571 1638 1653 
2815 1628 1554 1648 
2816 1617 117 1643 
2817 1552 1617 1644 
2818 1591 1626 1645 
2819 1625 94 1646 
2820 1626 1584 1647 
2821 1606 1596 1654 
2822 1629 1599 1650 
2823 1608 1640 1651 
2824 108 11 1652 
2825 1565 1629 1650 
2826 1637 1606 1654 
2827 88 1628 1648 
2828 1629 1561 1649 
2829 1632 1625 1646 
2830 1551 1641 1655 
2831 95 1632 1646 
2832 1595 1630 1656 
2833 1638 1612 1653 
2834 1630 1636 1656 
2835 1636 1563 1656 
2836 1641 1556 1655 
2837 12 109 1652 
2838 107 9 1555 
2 5 2 20
2839 5 117 4 
2840 5 126 117 
2841 118 13 12 
2842 118 12 109 
2843 110 118 109 
2844 111 120 110 
2845 118 110 119 
2846 110 120 119 
2847 112 120 111 
2848 113 121 112 
2849 121 120 112 
2850 123 113 114 
2851 122 121 113 
2852 123 122 113 
2853 115 123 114 
2854 116 124 115 
2855 124 123 115 
2856 117 125 116 
2857 125 124 116 
2858 126 125 117 
2 8 2 8
2859 262 26 1657 
2860 261 32 1658 
2861 261 262 1657 
2862 262 261 1658 
2863 26 25 1657 
2864 32 33 1658 
2865 25 261 1657 
2866 33 262 1658 
2 9 2 8
2867 260 24 1659 
2868 259 30 1660 
2869 259 260 1659 
2870 260 259 1660 
2871 24 23 1659 
2872 30 31 1660 
2873 23 259 1659 
2874 31 260 1660 
2 10 2 8
2875 258 22 1661 
2876 257 28 1662 
2877 257 258 1661 
2878 258 257 1662 
2879 28 29 1662 
2880 22 21 1661 
2881 21 257 1661 
2882 29 258 1662 
2 11 2 182
2883 1668 1706 1708 
2884 1688 1680 1699 
2885 256 19 1717 
2886 1682 1674 1710 
2887 1706 1690 1708 
2888 233 232 1691 
2889 1674 1682 1711 
2890 1664 1688 1699 
2891 1665 1680 1684 
2892 1678 1666 1689 
2893 1717 1679 1723 
2894 1695 1668 1708 
2895 1681 1705 1707 
2896 1705 1672 1707 
2897 1686 1695 1708 
2898 1691 1677 1722 
2899 1666 1678 1697 
2900 1676 1692 1713 
2901 1692 1676 1716 
2902 1707 1672 1709 
2903 1680 1665 1699 
2904 1672 1694 1709 
2905 1685 1703 1704 
2906 1684 1677 1691 
2907 1703 1670 1704 
2908 1663 233 1691 
2909 1715 1700 1718 
2910 1687 1689 1696 
2911 1700 1671 1720 
2912 1700 1683 1718 
2913 1665 1684 1691 
2914 1667 1686 1687 
2915 232 1665 1691 
2916 253 1677 1684 
2917 1692 1675 1712 
2918 18 233 1663 
2919 1689 1666 1696 
2920 1679 1693 1723 
2921 27 255 1714 
2922 1690 1673 1701 
2923 1694 1674 1709 
2924 1674 1694 1710 
2925 1692 1712 1713 
2926 1670 1681 1704 
2927 1669 1685 1702 
2928 246 1690 1701 
2929 1678 250 1688 
2930 236 1700 1720 
2931 1686 25 1687 
2932 254 27 1714 
2933 1681 1670 1705 
2934 249 1678 1689 
2935 1667 1687 1696 
2936 1675 1682 1712 
2937 253 254 1677 
2938 1682 1675 1711 
2939 1680 252 1684 
2940 248 25 1686 
2941 207 17 1719 
2942 1685 1669 1703 
2943 251 252 1680 
2944 1671 1715 1719 
2945 20 236 1720 
2946 1698 1669 1702 
2947 252 253 1684 
2948 1701 1698 1702 
2949 251 1680 1688 
2950 249 250 1678 
2951 1676 1683 1716 
2952 239 21 1692 
2953 21 1675 1692 
2954 1687 26 1689 
2955 25 26 1687 
2956 1686 1667 1695 
2957 1685 24 1702 
2958 26 249 1689 
2959 250 251 1688 
2960 23 24 1685 
2961 246 247 1690 
2962 1683 1676 1718 
2963 243 244 1681 
2964 213 212 1682 
2965 237 238 1683 
2966 248 1686 1708 
2967 240 241 1674 
2968 1690 247 1708 
2969 216 215 1672 
2970 236 237 1700 
2971 215 214 1694 
2972 21 22 1675 
2973 210 209 1676 
2974 218 217 1670 
2975 220 219 1669 
2976 1672 215 1694 
2977 23 1685 1704 
2978 1678 1688 1721 
2979 245 246 1701 
2980 1681 244 1704 
2981 226 225 1667 
2982 221 220 1698 
2983 237 1683 1700 
2984 227 226 1696 
2985 228 227 1666 
2986 243 1681 1707 
2987 1673 1690 1706 
2988 230 229 1664 
2989 229 228 1697 
2990 225 224 1695 
2991 24 245 1702 
2992 222 221 1673 
2993 231 230 1699 
2994 232 231 1665 
2995 256 1717 1723 
2996 218 1670 1703 
2997 220 1669 1698 
2998 224 223 1668 
2999 213 1682 1710 
3000 18 1663 1679 
3001 216 1672 1705 
3002 1674 241 1709 
3003 1669 219 1703 
3004 1682 212 1712 
3005 1694 214 1710 
3006 1670 217 1705 
3007 240 1674 1711 
3008 219 218 1703 
3009 226 1667 1696 
3010 1671 1700 1715 
3011 1675 22 1711 
3012 1683 238 1716 
3013 1667 225 1695 
3014 1666 227 1696 
3015 1673 221 1698 
3016 228 1666 1697 
3017 1664 229 1697 
3018 210 1676 1713 
3019 230 1664 1699 
3020 224 1668 1695 
3021 223 222 1706 
3022 1665 231 1699 
3023 239 1692 1716 
3024 245 1701 1702 
3025 244 23 1704 
3026 217 216 1705 
3027 1673 1698 1701 
3028 1676 209 1718 
3029 222 1673 1706 
3030 1677 254 1714 
3031 1668 223 1706 
3032 242 1707 1709 
3033 242 243 1707 
3034 1715 207 1719 
3035 241 242 1709 
3036 247 248 1708 
3037 214 213 1710 
3038 19 184 1717 
3039 234 235 1671 
3040 22 240 1711 
3041 212 211 1712 
3042 1663 1691 1722 
3043 1712 211 1713 
3044 1688 1664 1721 
3045 211 210 1713 
3046 1679 1663 1693 
3047 1693 1677 1714 
3048 208 207 1715 
3049 208 1715 1718 
3050 238 239 1716 
3051 209 208 1718 
3052 1697 1678 1721 
3053 184 18 1679 
3054 255 256 1723 
3055 234 1671 1719 
3056 17 234 1719 
3057 1671 235 1720 
3058 235 20 1720 
3059 1677 1693 1722 
3060 184 1679 1717 
3061 1664 1697 1721 
3062 1693 1663 1722 
3063 1693 1714 1723 
3064 1714 255 1723 
2 16 2 581
3065 30 259 1891 
3066 259 23 1891 
3067 23 244 1891 
3068 1820 30 1891 
3069 1785 1823 1863 
3070 1888 1842 1896 
3071 28 257 1816 
3072 1845 1888 1896 
3073 1816 257 1962 
3074 1821 1785 1863 
3075 1845 1756 1888 
3076 1847 1795 1856 
3077 1846 1724 1936 
3078 1724 1846 1937 
3079 1756 1845 1889 
3080 1824 1794 1903 
3081 1879 1799 1880 
3082 1849 1814 1877 
3083 1876 1812 1913 
3084 1861 1824 1903 
3085 1843 1894 1903 
3086 1829 1884 1939 
3087 1884 1829 1942 
3088 1880 1799 1952 
3089 242 241 1857 
3090 1815 1848 1889 
3091 1844 1859 1904 
3092 251 250 1878 
3093 238 1771 1855 
3094 1894 1802 1903 
3095 1863 1823 1929 
3096 1847 1856 1857 
3097 1771 1852 1855 
3098 1859 1844 1966 
3099 1849 1796 1879 
3100 1830 1841 1944 
3101 1851 1774 1857 
3102 1944 1841 1946 
3103 1920 1866 1958 
3104 1876 1820 1891 
3105 1814 1849 1878 
3106 1875 1829 1939 
3107 1848 1815 1895 
3108 1794 1843 1903 
3109 1851 1812 1876 
3110 239 238 1855 
3111 1796 1799 1879 
3112 1820 1876 1913 
3113 1829 1875 1940 
3114 1933 1840 1935 
3115 1840 1854 1935 
3116 1795 1847 1951 
3117 1850 1824 1909 
3118 1774 1851 1876 
3119 1925 1912 1961 
3120 1825 1866 1920 
3121 1806 1815 1889 
3122 241 1847 1857 
3123 1774 242 1857 
3124 1846 1758 1937 
3125 1845 1806 1889 
3126 1824 1861 1909 
3127 1889 1848 1899 
3128 1885 1912 1925 
3129 1933 1742 1949 
3130 1756 1889 1899 
3131 250 1814 1878 
3132 1751 251 1878 
3133 1894 1843 1971 
3134 1876 1891 1959 
3135 1758 1846 1967 
3136 1842 1888 1973 
3137 1853 1866 1867 
3138 1884 1830 1944 
3139 1877 1814 1953 
3140 1830 1884 1942 
3141 1855 1816 1962 
3142 1854 1724 1935 
3143 1824 1850 1964 
3144 1725 1895 1928 
3145 1878 1849 1879 
3146 1869 1831 1912 
3147 1840 1933 1949 
3148 1724 1854 1936 
3149 1834 1848 1895 
3150 1834 1895 1905 
3151 1860 1880 1952 
3152 32 261 1950 
3153 1856 1851 1857 
3154 1802 1950 1970 
3155 1905 287 1919 
3156 1895 1815 1928 
3157 1894 32 1950 
3158 1771 1920 1958 
3159 1948 1864 1968 
3160 1802 1894 1950 
3161 1859 1775 1860 
3162 1730 299 1858 
3163 1860 1775 1910 
3164 1860 1910 1956 
3165 248 247 1802 
3166 1825 1865 1866 
3167 1856 1795 1887 
3168 1802 247 1861 
3169 1866 1853 1958 
3170 1858 1775 1859 
3171 1752 266 1862 
3172 1759 1868 1869 
3173 1732 268 1864 
3174 1834 1905 1919 
3175 1742 1871 1872 
3176 1852 1771 1958 
3177 1841 1948 1968 
3178 300 301 1775 
3179 300 1775 1858 
3180 1825 264 1865 
3181 1865 1752 1867 
3182 1739 1741 1887 
3183 1866 1865 1867 
3184 1862 1732 1863 
3185 1759 297 1868 
3186 33 1737 1877 
3187 1742 282 1871 
3188 1757 284 1870 
3189 1735 275 1874 
3190 1871 1757 1873 
3191 1737 1778 1877 
3192 267 1732 1862 
3193 1795 1739 1887 
3194 238 237 1771 
3195 290 1726 1881 
3196 1874 1758 1875 
3197 1872 1871 1873 
3198 296 1759 1885 
3199 267 268 1732 
3200 269 1828 1864 
3201 265 1752 1865 
3202 248 1802 1970 
3203 298 1730 1868 
3204 1821 1863 1948 
3205 1883 1735 1884 
3206 247 246 1861 
3207 298 299 1730 
3208 265 266 1752 
3209 1764 1790 1803 
3210 274 1735 1883 
3211 1848 1789 1899 
3212 1778 1796 1849 
3213 283 1757 1871 
3214 285 1725 1870 
3215 276 1758 1874 
3216 1778 1849 1877 
3217 1803 1812 1851 
3218 1803 1790 1812 
3219 263 264 1825 
3220 299 300 1858 
3221 1804 1755 1902 
3222 1741 1764 1887 
3223 269 270 1828 
3224 283 284 1757 
3225 290 291 1726 
3226 285 286 1725 
3227 276 277 1758 
3228 281 282 1742 
3229 278 279 1724 
3230 274 275 1735 
3231 1769 1745 1890 
3232 268 269 1864 
3233 1777 1836 1886 
3234 1794 1793 1842 
3235 295 296 1885 
3236 266 267 1862 
3237 296 297 1759 
3238 289 290 1881 
3239 1803 1851 1856 
3240 1803 1856 1887 
3241 264 265 1865 
3242 282 283 1871 
3243 284 285 1870 
3244 275 276 1874 
3245 1728 32 1893 
3246 297 298 1868 
3247 1764 1766 1790 
3248 1809 1801 1811 
3249 1805 1806 1845 
3250 1726 291 1882 
3251 1785 1782 1810 
3252 1869 1868 1927 
3253 1834 1789 1848 
3254 273 274 1883 
3255 1749 1747 1761 
3256 1777 1792 1836 
3257 1763 1755 1804 
3258 1741 1744 1764 
3259 1765 1787 1805 
3260 1749 1761 1888 
3261 1765 1805 1892 
3262 1892 1805 1896 
3263 1805 1845 1896 
3264 1764 1803 1887 
3265 1747 1728 1893 
3266 1770 273 1883 
3267 1810 1782 1890 
3268 292 1784 1882 
3269 246 245 1909 
3270 1867 1752 1929 
3271 1782 1769 1890 
3272 1751 1878 1879 
3273 1812 1790 1835 
3274 291 292 1882 
3275 1731 30 1820 
3276 1842 1793 1896 
3277 241 240 1847 
3278 243 242 1774 
3279 272 273 1770 
3280 29 1739 1795 
3281 1793 1892 1896 
3282 1809 1811 1822 
3283 1759 1869 1912 
3284 1836 1792 1837 
3285 1764 1744 1766 
3286 1805 1787 1806 
3287 292 293 1784 
3288 1793 1736 1892 
3289 1754 1776 1832 
3290 1870 1725 1928 
3291 250 249 1814 
3292 1794 1842 1843 
3293 1761 1747 1893 
3294 1785 1810 1823 
3295 1756 1749 1888 
3296 1910 1817 1956 
3297 31 30 1729 
3298 29 28 1727 
3299 33 32 1728 
3300 252 251 1751 
3301 1738 1728 1747 
3302 1778 1779 1796 
3303 1790 1766 1886 
3304 1783 1821 1830 
3305 1766 1777 1886 
3306 1737 1746 1778 
3307 29 1727 1739 
3308 31 1729 1733 
3309 1729 30 1731 
3310 1788 1772 1789 
3311 1773 1736 1793 
3312 1757 1870 1926 
3313 1833 1789 1834 
3314 1796 1797 1799 
3315 1837 1838 1839 
3316 1748 1747 1749 
3317 1766 1767 1777 
3318 1753 1749 1756 
3319 1806 1813 1815 
3320 1739 1740 1741 
3321 1733 1734 1736 
3322 1777 1791 1792 
3323 1750 1734 1755 
3324 1762 1755 1763 
3325 1808 1801 1809 
3326 1741 1743 1744 
3327 1840 1838 1854 
3328 1765 1786 1787 
3329 1750 1762 1765 
3330 1781 1769 1782 
3331 1835 1790 1886 
3332 301 302 1910 
3333 1809 1822 1831 
3334 1826 1807 1827 
3335 286 287 1905 
3336 1802 1861 1903 
3337 1754 1772 1776 
3338 1780 1781 1829 
3339 1791 1767 1807 
3340 1773 1793 1794 
3341 1890 1745 1906 
3342 1837 1792 1838 
3343 1766 1744 1767 
3344 1806 1787 1813 
3345 1895 1725 1905 
3346 1748 1753 1754 
3347 1788 1789 1833 
3348 1776 1772 1788 
3349 1830 1821 1841 
3350 1826 1827 1846 
3351 1780 1769 1781 
3352 1776 1788 1818 
3353 1738 1747 1748 
3354 1739 1727 1740 
3355 1733 1729 1734 
3356 1748 1749 1753 
3357 1754 1832 1897 
3358 1839 1838 1840 
3359 1777 1767 1791 
3360 1741 1740 1743 
3361 1736 1734 1750 
3362 1750 1755 1762 
3363 1765 1762 1786 
3364 1831 1869 1969 
3365 1800 1798 1801 
3366 1854 1838 1900 
3367 1783 1782 1785 
3368 1791 1807 1826 
3369 1754 1753 1772 
3370 1768 1769 1780 
3371 1800 1808 1844 
3372 1783 1785 1821 
3373 33 1728 1737 
3374 1737 1728 1738 
3375 1781 1782 1783 
3376 1778 1746 1779 
3377 1751 1879 1880 
3378 1768 1745 1769 
3379 1743 1740 1745 
3380 1797 1779 1798 
3381 1750 1765 1892 
3382 1807 1767 1901 
3383 1736 1750 1892 
3384 1796 1779 1797 
3385 1737 1738 1746 
3386 1800 1801 1808 
3387 1743 1745 1768 
3388 33 1877 1953 
3389 1893 32 1894 
3390 1789 1772 1899 
3391 260 31 1850 
3392 1727 28 1760 
3393 1797 1798 1800 
3394 1733 1736 1773 
3395 1753 1756 1899 
3396 1762 1763 1898 
3397 254 253 1817 
3398 1838 1792 1900 
3399 1792 1791 1900 
3400 1738 1748 1897 
3401 1767 1744 1901 
3402 1744 1743 1901 
3403 1811 1801 1911 
3404 262 33 1953 
3405 1755 1734 1902 
3406 1784 1925 1961 
3407 1725 286 1905 
3408 1786 1762 1898 
3409 1772 1753 1899 
3410 1746 1738 1897 
3411 1748 1754 1897 
3412 1791 1826 1900 
3413 1862 1863 1929 
3414 1729 1731 1902 
3415 1828 1923 1946 
3416 288 1917 1919 
3417 1743 1768 1901 
3418 1760 28 1816 
3419 1798 1908 1911 
3420 1773 1794 1824 
3421 258 29 1951 
3422 1734 1729 1902 
3423 1799 1797 1904 
3424 29 1795 1951 
3425 1926 1870 1928 
3426 1800 1844 1904 
3427 1827 1807 1907 
3428 1807 1901 1907 
3429 1819 1852 1853 
3430 237 236 1920 
3431 1908 1832 1911 
3432 288 289 1917 
3433 1852 1816 1855 
3434 1901 1768 1907 
3435 1798 1779 1908 
3436 1797 1800 1904 
3437 1740 1727 1906 
3438 1819 1816 1852 
3439 1745 1740 1906 
3440 1897 1832 1908 
3441 1760 1816 1819 
3442 271 272 1923 
3443 293 294 1925 
3444 1861 246 1909 
3445 1746 1897 1908 
3446 1768 1780 1907 
3447 1775 301 1910 
3448 1776 1818 1918 
3449 1788 1833 1916 
3450 287 288 1919 
3451 1727 1760 1906 
3452 1779 1746 1908 
3453 1915 1818 1916 
3454 1813 1787 1921 
3455 1812 1835 1913 
3456 1810 1890 1924 
3457 1917 1833 1919 
3458 1732 1864 1948 
3459 281 1742 1933 
3460 1884 1735 1939 
3461 1804 1902 1922 
3462 1724 279 1935 
3463 1885 1759 1912 
3464 1872 1873 1914 
3465 1874 1875 1939 
3466 1881 1726 1915 
3467 1758 277 1937 
3468 278 1724 1937 
3469 1881 1915 1916 
3470 1801 1798 1911 
3471 289 1881 1917 
3472 1771 237 1920 
3473 1886 1836 1930 
3474 1813 1921 1926 
3475 1811 1911 1918 
3476 1913 1835 1922 
3477 1823 1810 1931 
3478 1731 1820 1913 
3479 1882 1784 1945 
3480 1818 1788 1916 
3481 1726 1882 1941 
3482 1833 1834 1919 
3483 1916 1833 1917 
3484 1883 1884 1944 
3485 1890 1906 1924 
3486 1832 1776 1918 
3487 1822 1811 1932 
3488 1786 1898 1914 
3489 252 1751 1934 
3490 1731 1913 1922 
3491 1836 1837 1938 
3492 1787 1786 1921 
3493 1810 1924 1931 
3494 1786 1914 1921 
3495 1873 1757 1926 
3496 272 1770 1923 
3497 1914 1873 1921 
3498 1784 293 1925 
3499 1906 1760 1924 
3500 270 34 1954 
3501 1783 1830 1942 
3502 1868 1730 1927 
3503 35 295 1955 
3504 21 239 1962 
3505 1826 1846 1936 
3506 34 271 1954 
3507 294 35 1955 
3508 1858 1859 1966 
3509 1918 1818 1932 
3510 1751 1880 1934 
3511 1752 1862 1929 
3512 1780 1829 1940 
3513 1829 1781 1942 
3514 1817 253 1934 
3515 1930 1836 1938 
3516 1813 1926 1928 
3517 1902 1731 1922 
3518 1941 1882 1945 
3519 1938 1837 1943 
3520 1837 1839 1943 
3521 1853 1852 1958 
3522 257 21 1962 
3523 1815 1813 1928 
3524 1760 1819 1924 
3525 1881 1916 1917 
3526 1844 1808 1927 
3527 1911 1832 1918 
3528 20 263 1957 
3529 236 20 1957 
3530 1921 1873 1926 
3531 1854 1900 1936 
3532 1827 1940 1967 
3533 1804 1922 1930 
3534 1811 1918 1932 
3535 244 243 1959 
3536 1867 1929 1960 
3537 1828 1946 1968 
3538 1891 244 1959 
3539 1888 1761 1973 
3540 1869 1927 1969 
3541 1822 1932 1941 
3542 1924 1819 1931 
3543 1774 1876 1959 
3544 1922 1835 1930 
3545 302 27 1965 
3546 1943 1839 1947 
3547 245 24 1963 
3548 31 1733 1964 
3549 1835 1886 1930 
3550 1809 1831 1969 
3551 280 1933 1935 
3552 253 252 1934 
3553 280 281 1933 
3554 1827 1907 1940 
3555 1819 1853 1931 
3556 1940 1875 1967 
3557 1742 1872 1949 
3558 1850 31 1964 
3559 279 280 1935 
3560 1804 1930 1938 
3561 1773 1824 1964 
3562 24 260 1963 
3563 1735 1874 1939 
3564 27 254 1965 
3565 277 278 1937 
3566 1893 1894 1971 
3567 1763 1804 1938 
3568 1844 1927 1966 
3569 1872 1947 1949 
3570 1818 1915 1932 
3571 1900 1826 1936 
3572 1909 245 1963 
3573 1763 1938 1943 
3574 1880 1860 1956 
3575 1927 1730 1966 
3576 239 1855 1962 
3577 1841 1821 1948 
3578 1814 249 1974 
3579 1781 1783 1942 
3580 1770 1883 1944 
3581 1910 302 1965 
3582 1932 1915 1941 
3583 1904 1859 1952 
3584 1847 240 1972 
3585 1898 1763 1943 
3586 1872 1914 1947 
3587 1831 1822 1945 
3588 1770 1944 1946 
3589 1799 1904 1952 
3590 1822 1941 1945 
3591 1907 1780 1940 
3592 1875 1758 1967 
3593 1863 1732 1948 
3594 1927 1808 1969 
3595 1817 1910 1965 
3596 1850 1909 1963 
3597 25 248 1970 
3598 1929 1823 1960 
3599 1898 1943 1947 
3600 1915 1726 1941 
3601 1947 1839 1949 
3602 1839 1840 1949 
3603 1853 1867 1960 
3604 1923 1770 1946 
3605 1914 1898 1947 
3606 1859 1860 1952 
3607 1945 1784 1961 
3608 1730 1858 1966 
3609 1920 236 1957 
3610 1828 270 1954 
3611 295 1885 1955 
3612 263 1825 1957 
3613 271 1923 1954 
3614 1925 294 1955 
3615 1864 1828 1968 
3616 243 1774 1959 
3617 1953 1814 1974 
3618 1823 1931 1960 
3619 1951 1847 1972 
3620 22 258 1972 
3621 240 22 1972 
3622 1817 1934 1956 
3623 26 262 1974 
3624 249 26 1974 
3625 1843 1842 1973 
3626 1733 1773 1964 
3627 1912 1831 1961 
3628 260 1850 1963 
3629 1846 1827 1967 
3630 254 1817 1965 
3631 1825 1920 1957 
3632 1808 1809 1969 
3633 1761 1893 1971 
3634 261 25 1970 
3635 1931 1853 1960 
3636 1923 1828 1954 
3637 1885 1925 1955 
3638 1934 1880 1956 
3639 1831 1945 1961 
3640 1946 1841 1968 
3641 1950 261 1970 
3642 258 1951 1972 
3643 262 1953 1974 
3644 1761 1971 1973 
3645 1971 1843 1973 
2 17 2 20
3646 5 135 6 
3647 5 126 135 
3648 14 118 13 
3649 118 14 127 
3650 119 118 127 
3651 120 119 129 
3652 119 127 128 
3653 129 119 128 
3654 120 130 121 
3655 130 120 129 
3656 130 122 121 
3657 123 122 132 
3658 131 122 130 
3659 132 122 131 
3660 124 123 133 
3661 133 123 132 
3662 125 124 133 
3663 126 125 135 
3664 125 133 134 
3665 135 125 134 
2 18 2 145
3666 177 16 1978 
3667 178 375 1979 
3668 19 372 1981 
3669 378 19 1981 
3670 38 342 2007 
3671 371 39 2010 
3672 7 152 2011 
3673 342 343 1976 
3674 1982 2010 2011 
3675 176 1984 2006 
3676 1984 347 2006 
3677 1978 16 2009 
3678 342 1976 1981 
3679 1976 343 1977 
3680 375 376 1975 
3681 1975 1977 2008 
3682 1977 1975 2012 
3683 345 346 1978 
3684 345 1978 2009 
3685 343 344 1977 
3686 375 1975 1979 
3687 377 378 1976 
3688 16 178 1979 
3689 1976 1977 2012 
3690 1975 376 2012 
3691 152 1982 2011 
3692 1982 371 2010 
3693 377 1976 2012 
3694 176 177 1984 
3695 347 348 2006 
3696 348 349 2005 
3697 349 350 2004 
3698 348 2005 2006 
3699 350 351 2003 
3700 349 2004 2005 
3701 351 352 2002 
3702 350 2003 2004 
3703 16 1979 1980 
3704 352 353 2001 
3705 351 2002 2003 
3706 353 354 2000 
3707 352 2001 2002 
3708 1976 378 1981 
3709 354 355 1999 
3710 353 2000 2001 
3711 355 356 1998 
3712 354 1999 2000 
3713 356 357 1997 
3714 355 1998 1999 
3715 357 358 1996 
3716 356 1997 1998 
3717 358 359 1995 
3718 357 1996 1997 
3719 359 360 1994 
3720 358 1995 1996 
3721 360 361 1993 
3722 359 1994 1995 
3723 361 362 1992 
3724 1977 344 2008 
3725 360 1993 1994 
3726 362 363 1991 
3727 361 1992 1993 
3728 363 364 1990 
3729 362 1991 1992 
3730 364 365 1989 
3731 363 1990 1991 
3732 365 366 1988 
3733 366 367 1987 
3734 364 1989 1990 
3735 367 368 1986 
3736 365 1988 1989 
3737 368 369 1985 
3738 366 1987 1988 
3739 369 370 1983 
3740 367 1986 1987 
3741 370 371 1982 
3742 368 1985 1986 
3743 369 1983 1985 
3744 152 153 1982 
3745 370 1982 1983 
3746 153 154 1983 
3747 1982 153 1983 
3748 154 155 1985 
3749 1983 154 1985 
3750 155 156 1986 
3751 1985 155 1986 
3752 156 157 1987 
3753 1986 156 1987 
3754 157 158 1988 
3755 1987 157 1988 
3756 158 159 1989 
3757 1988 158 1989 
3758 159 160 1990 
3759 1989 159 1990 
3760 160 161 1991 
3761 1990 160 1991 
3762 161 162 1992 
3763 1991 161 1992 
3764 162 163 1993 
3765 1992 162 1993 
3766 163 164 1994 
3767 1993 163 1994 
3768 164 165 1995 
3769 1994 164 1995 
3770 165 166 1996 
3771 1995 165 1996 
3772 166 167 1997 
3773 1996 166 1997 
3774 167 168 1998 
3775 1997 167 1998 
3776 168 169 1999 
3777 1998 168 1999 
3778 169 170 2000 
3779 1981 372 2007 
3780 344 345 2013 
3781 1999 169 2000 
3782 170 171 2001 
3783 2000 170 2001 
3784 171 172 2002 
3785 346 347 1984 
3786 2001 171 2002 
3787 172 173 2003 
3788 2002 172 2003 
3789 173 174 2004 
3790 2003 173 2004 
3791 174 175 2005 
3792 175 176 2006 
3793 2004 174 2005 
3794 2005 175 2006 
3795 376 377 2012 
3796 1979 1975 1980 
3797 345 2009 2013 
3798 372 38 2007 
3799 177 1978 1984 
3800 39 374 2010 
3801 1978 346 1984 
3802 374 7 2011 
3803 342 1981 2007 
3804 16 1980 2009 
3805 2008 344 2013 
3806 2010 374 2011 
3807 1980 1975 2008 
3808 2009 1980 2013 
3809 1980 2008 2013 
3810 178 15 375 
2 19 2 126
3811 2015 79 2019 
3812 2019 79 2029 
3813 2025 63 2034 
3814 2029 80 2040 
3815 78 2016 2021 
3816 80 81 2040 
3817 81 2039 2040 
3818 81 82 2039 
3819 82 2038 2039 
3820 82 83 2038 
3821 83 2036 2038 
3822 83 84 2036 
3823 84 2035 2036 
3824 84 85 2035 
3825 2015 2019 2043 
3826 79 80 2029 
3827 85 86 2041 
3828 2016 2017 2048 
3829 63 62 2034 
3830 5 6 2014 
3831 77 78 2021 
3832 2035 85 2041 
3833 2016 78 2020 
3834 76 2022 2030 
3835 2014 2017 2020 
3836 2017 2016 2020 
3837 77 2021 2022 
3838 53 52 2016 
3839 2022 50 2030 
3840 70 71 2037 
3841 75 76 2030 
3842 74 75 2033 
3843 73 74 2028 
3844 72 73 2032 
3845 75 2030 2033 
3846 71 72 2027 
3847 2028 74 2033 
3848 73 2028 2032 
3849 68 69 2024 
3850 67 68 2031 
3851 66 67 2023 
3852 2027 72 2032 
3853 68 2024 2031 
3854 2023 67 2031 
3855 2016 52 2021 
3856 2024 69 2026 
3857 71 2027 2037 
3858 87 7 2025 
3859 53 2016 2048 
3860 76 77 2022 
3861 63 2025 2044 
3862 39 373 2046 
3863 2026 70 2037 
3864 44 43 2026 
3865 43 2024 2026 
3866 51 50 2022 
3867 69 70 2026 
3868 55 54 2019 
3869 56 2029 2040 
3870 2021 51 2022 
3871 65 3 2042 
3872 3 66 2042 
3873 44 2026 2037 
3874 52 51 2021 
3875 7 2018 2025 
3876 42 41 2031 
3877 46 45 2027 
3878 43 42 2024 
3879 41 40 2023 
3880 47 46 2032 
3881 50 49 2030 
3882 48 47 2028 
3883 49 48 2033 
3884 2024 42 2031 
3885 41 2023 2031 
3886 46 2027 2032 
3887 2028 47 2032 
3888 2030 49 2033 
3889 48 2028 2033 
3890 45 44 2037 
3891 55 2019 2029 
3892 86 2034 2041 
3893 61 60 2035 
3894 60 59 2036 
3895 59 58 2038 
3896 58 57 2039 
3897 57 56 2040 
3898 2035 60 2036 
3899 2036 59 2038 
3900 2038 58 2039 
3901 2039 57 2040 
3902 2027 45 2037 
3903 86 87 2034 
3904 56 55 2029 
3905 2023 40 2047 
3906 2034 62 2041 
3907 62 61 2041 
3908 2042 2023 2047 
3909 373 2 2045 
3910 2 64 2045 
3911 7 374 2018 
3912 66 2023 2042 
3913 2019 54 2043 
3914 87 2025 2034 
3915 40 1 2047 
3916 61 2035 2041 
3917 54 53 2048 
3918 64 63 2044 
3919 2014 6 2015 
3920 2045 2018 2046 
3921 2018 374 2046 
3922 2025 2018 2044 
3923 1 65 2047 
3924 374 39 2046 
3925 373 2045 2046 
3926 2014 2015 2017 
3927 4 5 2014 
3928 2043 54 2048 
3929 2044 2018 2045 
3930 2017 2015 2043 
3931 4 2014 2020 
3932 65 2042 2047 
3933 64 2044 2045 
3934 2017 2043 2048 
3935 78 4 2020 
3936 6 79 2015 
2 20 2 15
3937 184 19 2049 
3938 183 18 2050 
3939 182 377 181 
3940 378 182 183 
3941 378 183 2049 
3942 184 2049 2050 
3943 18 184 2050 
3944 2049 183 2050 
3945 179 375 15 
3946 19 378 2049 
3947 180 375 179 
3948 376 180 181 
3949 376 375 180 
3950 377 376 181 
3951 378 377 182 
$EndElements
